ID,Nombre,Cargo,Edad,ReteFuente,Salario
1,Jose,Gerente,39,0.1,19779333
2,Jhohan,Analista,53,0.1,11588707
3,Andrés,Analista,60,0.0,2150709
4,Manuela,Desarrollador,35,0.0,5547348
5,Manuela,Desarrollador,49,0.1,11369826
6,Jhohan,Desarrollador,43,0.1,11025939
7,Manuela,Gerente,60,0.1,7350465
8,Manuela,Desarrollador,39,0.0,4479755
9,Andrés,Desarrollador,41,0.1,10246762
10,Andrés,Diseñador,60,0.1,19709687
11,Jose,Gerente,42,0.1,6363888
12,Manuela,Analista,31,0.0,4592825
13,Jhohan,Gerente,31,0.0,1490239
14,Jose,Gerente,56,0.1,10527649
15,Jhohan,Gerente,32,0.1,11610585
16,Jhohan,Diseñador,46,0.1,15221623
17,Andrés,Analista,42,0.1,15533050
18,Andrés,Analista,47,0.1,9373812
19,Jhohan,Gerente,49,0.1,10050451
20,Jhohan,Desarrollador,34,0.0,3237733
21,Jhohan,Desarrollador,51,0.1,12661262
22,Manuela,Desarrollador,34,0.1,10683942
23,Manuela,Diseñador,42,0.1,17250572
24,Jhohan,Diseñador,23,0.1,13353905
25,Andrés,Desarrollador,50,0.1,15219507
26,Andrés,Desarrollador,47,0.1,8843752
27,Jose,Analista,57,0.1,19040581
28,Jose,Desarrollador,37,0.1,19596464
29,Manuela,Diseñador,59,0.1,17768023
30,Andrés,Gerente,29,0.0,3570746
31,Jose,Analista,27,0.0,5659120
32,Andrés,Analista,54,0.1,6923472
33,Andrés,Analista,60,0.1,7151955
34,Jhohan,Diseñador,43,0.1,15123222
35,Manuela,Analista,37,0.0,3190929
36,Jose,Gerente,40,0.0,5119163
37,Andrés,Analista,49,0.1,17622682
38,Jose,Gerente,50,0.1,17002007
39,Jhohan,Desarrollador,53,0.1,9816485
40,Manuela,Desarrollador,50,0.1,14778027
41,Andrés,Diseñador,23,0.1,12216594
42,Jhohan,Diseñador,36,0.1,18373233
43,Andrés,Gerente,30,0.1,16841636
44,Jose,Diseñador,33,0.1,8637527
45,Jose,Diseñador,59,0.1,8150810
46,Jhohan,Desarrollador,24,0.1,9374118
47,Jose,Diseñador,43,0.1,9546715
48,Andrés,Analista,43,0.1,18194479
49,Manuela,Desarrollador,57,0.1,7024586
50,Manuela,Gerente,60,0.1,12179996
51,Jose,Analista,55,0.0,2548843
52,Jhohan,Gerente,53,0.1,14607898
53,Jhohan,Diseñador,36,0.1,7662152
54,Jhohan,Analista,24,0.1,12748180
55,Andrés,Desarrollador,43,0.0,5745880
56,Andrés,Diseñador,43,0.0,3149463
57,Andrés,Analista,22,0.1,7666594
58,Jhohan,Analista,28,0.0,4709520
59,Manuela,Diseñador,39,0.1,17517581
60,Jhohan,Analista,47,0.1,17796602
61,Andrés,Diseñador,53,0.1,10093983
62,Andrés,Gerente,36,0.1,16771071
63,Andrés,Gerente,36,0.1,13036953
64,Jhohan,Gerente,36,0.1,12070335
65,Jhohan,Gerente,38,0.1,9423151
66,Andrés,Analista,34,0.0,3587732
67,Jhohan,Analista,53,0.1,19703592
68,Manuela,Diseñador,32,0.1,9439906
69,Manuela,Gerente,48,0.1,17497895
70,Jhohan,Analista,46,0.1,16249608
71,Andrés,Desarrollador,45,0.1,18294906
72,Manuela,Analista,41,0.0,5440949
73,Jhohan,Analista,29,0.1,18261782
74,Jhohan,Diseñador,55,0.0,2463637
75,Jose,Gerente,57,0.1,13697069
76,Manuela,Desarrollador,34,0.1,6987010
77,Jose,Analista,52,0.0,2283180
78,Jhohan,Gerente,43,0.0,2266439
79,Manuela,Desarrollador,32,0.1,8892327
80,Andrés,Gerente,22,0.1,16990887
81,Andrés,Analista,46,0.0,1413636
82,Jose,Gerente,33,0.0,3604568
83,Jhohan,Gerente,38,0.1,7962581
84,Jose,Gerente,24,0.1,8207450
85,Manuela,Diseñador,48,0.1,12332307
86,Manuela,Gerente,56,0.1,16184938
87,Jhohan,Diseñador,56,0.1,13286799
88,Jhohan,Diseñador,24,0.1,11687915
89,Manuela,Diseñador,48,0.1,10386070
90,Jhohan,Gerente,40,0.1,16382089
91,Jhohan,Desarrollador,35,0.0,4006636
92,Andrés,Desarrollador,46,0.1,16917705
93,Jose,Diseñador,45,0.1,10718210
94,Jhohan,Diseñador,43,0.1,8816449
95,Andrés,Analista,29,0.1,16957224
96,Jhohan,Gerente,52,0.0,3609385
97,Manuela,Desarrollador,26,0.1,10577882
98,Jose,Desarrollador,43,0.0,4106789
99,Jhohan,Analista,30,0.1,8427656
100,Jhohan,Diseñador,55,0.0,1930710
101,Andrés,Desarrollador,60,0.1,12537909
102,Jhohan,Analista,27,0.1,17534975
103,Andrés,Desarrollador,46,0.0,4045318
104,Andrés,Diseñador,33,0.1,18766426
105,Jhohan,Analista,26,0.1,13356073
106,Andrés,Diseñador,60,0.1,11246693
107,Andrés,Desarrollador,27,0.1,17094286
108,Jose,Gerente,24,0.1,13477192
109,Jose,Analista,51,0.1,9014294
110,Manuela,Desarrollador,43,0.1,9969362
111,Jhohan,Diseñador,29,0.1,14856057
112,Jose,Analista,48,0.1,12849228
113,Manuela,Desarrollador,54,0.1,7554550
114,Jhohan,Desarrollador,59,0.1,16837715
115,Jose,Analista,31,0.1,11272035
116,Andrés,Analista,52,0.0,5044887
117,Jose,Analista,40,0.1,6270256
118,Jose,Diseñador,46,0.0,5342175
119,Jhohan,Desarrollador,30,0.0,3234443
120,Andrés,Diseñador,34,0.1,16378012
121,Jhohan,Diseñador,42,0.1,9513830
122,Andrés,Desarrollador,50,0.1,6613335
123,Andrés,Diseñador,40,0.1,14617739
124,Andrés,Diseñador,33,0.1,14640958
125,Jhohan,Analista,60,0.0,5316236
126,Jose,Diseñador,26,0.0,4124606
127,Andrés,Diseñador,38,0.1,14473838
128,Manuela,Analista,22,0.1,6652577
129,Jose,Diseñador,49,0.0,5002553
130,Manuela,Diseñador,42,0.0,1497858
131,Jose,Analista,33,0.1,8357223
132,Jhohan,Diseñador,37,0.1,15646048
133,Andrés,Analista,36,0.0,4613405
134,Manuela,Analista,55,0.1,17749347
135,Jose,Desarrollador,40,0.0,2629761
136,Jhohan,Gerente,39,0.1,13177019
137,Jose,Gerente,28,0.1,11927772
138,Jose,Analista,37,0.1,14299393
139,Jhohan,Desarrollador,31,0.0,2000825
140,Jose,Gerente,57,0.0,2030249
141,Jhohan,Desarrollador,46,0.0,4927561
142,Jose,Desarrollador,53,0.1,18125240
143,Jose,Analista,56,0.0,3264065
144,Andrés,Analista,48,0.1,7586421
145,Manuela,Gerente,37,0.1,16470201
146,Andrés,Gerente,49,0.1,9180176
147,Jose,Gerente,52,0.0,2735162
148,Jhohan,Gerente,35,0.1,12386152
149,Andrés,Analista,59,0.1,19419639
150,Jose,Diseñador,43,0.1,16695889
151,Manuela,Gerente,25,0.1,15283785
152,Jhohan,Analista,27,0.1,10430010
153,Manuela,Desarrollador,53,0.1,7698998
154,Jhohan,Analista,58,0.1,9735925
155,Jhohan,Analista,23,0.1,7409116
156,Jose,Gerente,52,0.1,11149209
157,Andrés,Analista,27,0.0,5484809
158,Jose,Desarrollador,52,0.1,18244545
159,Manuela,Analista,51,0.0,4088802
160,Jhohan,Gerente,47,0.1,10213755
161,Jhohan,Gerente,60,0.1,14681903
162,Jose,Gerente,42,0.0,2241121
163,Manuela,Analista,27,0.1,7873482
164,Manuela,Diseñador,29,0.1,13849965
165,Jose,Desarrollador,29,0.1,15269276
166,Manuela,Analista,32,0.1,13027295
167,Manuela,Desarrollador,26,0.1,13724391
168,Jhohan,Diseñador,57,0.1,10285345
169,Andrés,Analista,47,0.1,15388139
170,Manuela,Analista,39,0.1,13948005
171,Andrés,Desarrollador,24,0.1,7653258
172,Andrés,Desarrollador,39,0.0,2155103
173,Manuela,Gerente,25,0.1,10489089
174,Jhohan,Diseñador,28,0.1,12279168
175,Jhohan,Diseñador,39,0.1,18956307
176,Manuela,Desarrollador,56,0.1,6792362
177,Jhohan,Analista,55,0.1,19077743
178,Jhohan,Desarrollador,38,0.0,2880580
179,Andrés,Analista,52,0.0,4682033
180,Jose,Desarrollador,31,0.1,7366558
181,Jose,Gerente,29,0.1,9708009
182,Manuela,Gerente,29,0.1,10987555
183,Manuela,Diseñador,42,0.1,17729036
184,Andrés,Desarrollador,24,0.1,11275014
185,Andrés,Analista,45,0.1,16977717
186,Andrés,Diseñador,23,0.1,6314174
187,Jose,Analista,49,0.1,6151581
188,Jose,Gerente,42,0.1,14683343
189,Manuela,Gerente,54,0.1,14252601
190,Andrés,Gerente,53,0.0,4805623
191,Manuela,Analista,32,0.1,8582101
192,Andrés,Analista,42,0.1,7072320
193,Jhohan,Diseñador,45,0.1,10272285
194,Andrés,Diseñador,40,0.1,13040628
195,Jhohan,Gerente,36,0.1,16826011
196,Jose,Analista,47,0.0,2518436
197,Jose,Analista,37,0.1,16319730
198,Andrés,Desarrollador,48,0.1,14153420
199,Jhohan,Gerente,52,0.1,8208514
200,Manuela,Diseñador,53,0.0,1225035
201,Jose,Desarrollador,34,0.0,2335114
202,Andrés,Desarrollador,26,0.1,12361798
203,Manuela,Diseñador,53,0.1,16120199
204,Manuela,Gerente,32,0.0,5269601
205,Manuela,Gerente,49,0.1,19188551
206,Andrés,Desarrollador,26,0.0,2658818
207,Jose,Gerente,36,0.1,11871550
208,Jose,Desarrollador,37,0.0,5710981
209,Jhohan,Analista,45,0.1,10512188
210,Jhohan,Analista,57,0.0,3812091
211,Manuela,Analista,55,0.1,7375245
212,Jose,Gerente,23,0.1,16215808
213,Manuela,Analista,43,0.1,6562006
214,Jose,Desarrollador,47,0.0,3881558
215,Andrés,Analista,53,0.0,1307957
216,Jose,Diseñador,60,0.0,1994278
217,Jose,Diseñador,58,0.0,2840727
218,Andrés,Analista,46,0.1,10272126
219,Jhohan,Analista,48,0.0,3722571
220,Manuela,Desarrollador,48,0.1,12046005
221,Manuela,Analista,22,0.0,3651482
222,Manuela,Gerente,27,0.1,13342121
223,Manuela,Diseñador,32,0.1,14901058
224,Jose,Desarrollador,37,0.1,14270111
225,Andrés,Gerente,48,0.1,19865859
226,Jhohan,Desarrollador,46,0.1,8284290
227,Andrés,Gerente,35,0.1,15594685
228,Andrés,Analista,48,0.1,16040335
229,Manuela,Desarrollador,29,0.1,9633083
230,Jose,Analista,24,0.1,13057358
231,Manuela,Diseñador,38,0.0,5852067
232,Jose,Diseñador,42,0.1,15606897
233,Jose,Diseñador,37,0.0,3324744
234,Jhohan,Desarrollador,26,0.1,18369777
235,Jose,Analista,54,0.1,10333983
236,Manuela,Desarrollador,38,0.1,15783945
237,Manuela,Analista,53,0.0,2975462
238,Manuela,Diseñador,33,0.0,1670073
239,Jose,Analista,40,0.1,6038055
240,Manuela,Analista,22,0.1,14184014
241,Jhohan,Gerente,57,0.0,3851237
242,Jhohan,Desarrollador,60,0.1,17988866
243,Jose,Desarrollador,58,0.1,6262475
244,Andrés,Gerente,40,0.1,18154007
245,Andrés,Gerente,37,0.1,10709590
246,Jose,Analista,51,0.1,12526623
247,Jose,Gerente,53,0.1,7594273
248,Manuela,Diseñador,58,0.1,10182248
249,Jose,Desarrollador,47,0.1,13125086
250,Jose,Diseñador,38,0.1,14079768
251,Andrés,Analista,38,0.1,12857278
252,Jhohan,Desarrollador,43,0.1,19634639
253,Manuela,Gerente,42,0.0,5892835
254,Jose,Diseñador,48,0.0,1986321
255,Jose,Analista,60,0.1,11732649
256,Manuela,Gerente,40,0.1,16344648
257,Jose,Diseñador,25,0.0,2993380
258,Manuela,Gerente,24,0.1,14502227
259,Andrés,Diseñador,44,0.0,3774913
260,Andrés,Diseñador,46,0.1,10693407
261,Manuela,Desarrollador,25,0.1,15224461
262,Manuela,Gerente,41,0.1,8576061
263,Andrés,Diseñador,26,0.0,2812258
264,Manuela,Gerente,43,0.1,16149644
265,Andrés,Analista,59,0.1,14594202
266,Andrés,Gerente,37,0.1,7336178
267,Jhohan,Diseñador,39,0.1,13343213
268,Jose,Desarrollador,42,0.1,12214152
269,Manuela,Diseñador,36,0.0,3494100
270,Manuela,Diseñador,42,0.1,10220856
271,Jhohan,Analista,32,0.1,6876393
272,Manuela,Diseñador,60,0.0,1572631
273,Manuela,Desarrollador,56,0.1,9293705
274,Manuela,Desarrollador,34,0.1,10290713
275,Andrés,Gerente,52,0.0,1926140
276,Manuela,Analista,56,0.1,14344750
277,Manuela,Desarrollador,43,0.1,10911484
278,Jhohan,Gerente,48,0.1,9007768
279,Jose,Desarrollador,23,0.1,9989001
280,Jhohan,Analista,57,0.1,13309080
281,Jhohan,Desarrollador,51,0.0,4199877
282,Andrés,Desarrollador,45,0.0,3664977
283,Andrés,Gerente,39,0.1,16820436
284,Manuela,Diseñador,25,0.1,7554762
285,Jose,Desarrollador,56,0.1,7361574
286,Jose,Analista,33,0.0,1569030
287,Jose,Desarrollador,54,0.1,18454864
288,Jhohan,Analista,36,0.1,11985662
289,Jhohan,Diseñador,56,0.1,7840145
290,Manuela,Analista,26,0.0,4698330
291,Jhohan,Diseñador,25,0.1,9811123
292,Andrés,Desarrollador,59,0.0,5985746
293,Jose,Gerente,51,0.1,19824344
294,Jose,Desarrollador,27,0.1,8203247
295,Jhohan,Desarrollador,46,0.0,3806253
296,Manuela,Desarrollador,49,0.1,14985573
297,Andrés,Gerente,41,0.1,16637299
298,Jose,Diseñador,38,0.1,6208036
299,Manuela,Gerente,22,0.1,8111565
300,Manuela,Gerente,51,0.1,12980872
301,Jhohan,Gerente,24,0.1,15795938
302,Jose,Diseñador,60,0.1,10782190
303,Andrés,Diseñador,49,0.0,4903333
304,Manuela,Gerente,54,0.0,5052986
305,Jose,Gerente,22,0.1,18626981
306,Jose,Analista,30,0.1,12380139
307,Andrés,Gerente,48,0.0,3506939
308,Jhohan,Desarrollador,32,0.0,2760332
309,Andrés,Desarrollador,31,0.1,6304785
310,Jose,Desarrollador,46,0.1,18213517
311,Jhohan,Gerente,22,0.1,16007045
312,Jhohan,Analista,38,0.1,17657384
313,Manuela,Desarrollador,30,0.1,11771060
314,Manuela,Gerente,26,0.1,16234611
315,Jhohan,Desarrollador,46,0.1,6008087
316,Andrés,Diseñador,58,0.1,7620736
317,Jhohan,Gerente,47,0.1,17355566
318,Andrés,Diseñador,51,0.1,19164899
319,Manuela,Desarrollador,52,0.1,10845093
320,Jose,Analista,58,0.1,14295712
321,Jose,Gerente,41,0.1,11803866
322,Jhohan,Analista,27,0.1,7872810
323,Manuela,Diseñador,40,0.1,13777165
324,Jhohan,Desarrollador,55,0.1,14153073
325,Jhohan,Analista,52,0.0,3211778
326,Manuela,Desarrollador,38,0.1,19016832
327,Andrés,Analista,60,0.0,5058253
328,Jose,Diseñador,24,0.1,17922311
329,Jose,Analista,23,0.0,4823580
330,Jhohan,Desarrollador,39,0.0,4026805
331,Jose,Diseñador,37,0.1,18512441
332,Andrés,Gerente,26,0.1,11937970
333,Jose,Diseñador,31,0.1,13466430
334,Andrés,Diseñador,22,0.1,7484463
335,Jhohan,Analista,23,0.0,1337857
336,Jhohan,Gerente,34,0.0,5927873
337,Jhohan,Desarrollador,53,0.1,19810441
338,Manuela,Desarrollador,47,0.0,2171642
339,Andrés,Analista,44,0.0,3076493
340,Jhohan,Gerente,26,0.1,7905674
341,Jose,Diseñador,40,0.1,12560239
342,Jhohan,Diseñador,46,0.1,19244721
343,Jose,Gerente,59,0.1,11678982
344,Manuela,Analista,59,0.1,16037209
345,Jose,Diseñador,56,0.1,17627584
346,Manuela,Diseñador,41,0.1,17028761
347,Andrés,Gerente,41,0.1,12866548
348,Andrés,Analista,23,0.0,2990128
349,Jose,Gerente,24,0.1,12085848
350,Manuela,Desarrollador,32,0.0,4195669
351,Manuela,Gerente,28,0.1,19743655
352,Jhohan,Gerente,45,0.1,8611563
353,Jhohan,Analista,48,0.0,2921510
354,Jose,Desarrollador,51,0.1,15224947
355,Jose,Analista,47,0.1,13568030
356,Manuela,Analista,51,0.0,1180029
357,Jose,Gerente,54,0.1,13117578
358,Manuela,Analista,43,0.1,6042331
359,Jose,Analista,34,0.1,7473558
360,Manuela,Gerente,58,0.0,1283709
361,Manuela,Gerente,43,0.1,13017968
362,Manuela,Gerente,56,0.1,6206559
363,Jose,Gerente,25,0.1,7518766
364,Andrés,Analista,50,0.1,16060271
365,Andrés,Diseñador,26,0.1,16649807
366,Andrés,Desarrollador,28,0.1,15419122
367,Andrés,Analista,30,0.1,15940501
368,Jose,Analista,38,0.0,3618773
369,Jose,Diseñador,41,0.0,4312098
370,Andrés,Diseñador,27,0.1,17995428
371,Andrés,Gerente,29,0.1,7432458
372,Jhohan,Desarrollador,59,0.1,14249653
373,Jose,Diseñador,48,0.1,13145731
374,Jose,Gerente,43,0.1,17830377
375,Manuela,Gerente,39,0.0,2526981
376,Manuela,Desarrollador,47,0.1,8871005
377,Manuela,Diseñador,24,0.1,9195689
378,Manuela,Analista,47,0.0,5339662
379,Jose,Gerente,24,0.1,17245715
380,Andrés,Analista,42,0.1,7916718
381,Jose,Analista,56,0.1,11508112
382,Jose,Desarrollador,58,0.1,14362064
383,Manuela,Desarrollador,56,0.1,15924048
384,Jose,Analista,35,0.1,10979879
385,Jose,Gerente,39,0.1,16639146
386,Jhohan,Diseñador,38,0.1,11424686
387,Jose,Diseñador,49,0.1,13053972
388,Jhohan,Diseñador,32,0.1,9240073
389,Jhohan,Gerente,53,0.1,10675113
390,Manuela,Analista,59,0.0,2134068
391,Manuela,Analista,31,0.1,12071673
392,Jose,Desarrollador,32,0.1,16770836
393,Manuela,Gerente,27,0.0,5916292
394,Jhohan,Desarrollador,51,0.1,7101269
395,Jhohan,Analista,42,0.1,16075334
396,Manuela,Desarrollador,31,0.1,6213410
397,Andrés,Gerente,56,0.1,13197827
398,Manuela,Desarrollador,41,0.0,5602434
399,Andrés,Analista,31,0.1,17875182
400,Manuela,Diseñador,40,0.1,7595695
401,Jose,Analista,40,0.0,1628927
402,Manuela,Gerente,25,0.0,1802201
403,Jhohan,Analista,54,0.0,5548509
404,Andrés,Analista,29,0.1,9912410
405,Jhohan,Analista,28,0.1,18759545
406,Manuela,Analista,56,0.0,2078964
407,Jose,Desarrollador,29,0.1,18109630
408,Jose,Desarrollador,40,0.0,5318884
409,Jhohan,Desarrollador,29,0.0,3652608
410,Jhohan,Diseñador,26,0.1,8598923
411,Jose,Desarrollador,50,0.1,7809479
412,Jhohan,Analista,28,0.1,8419807
413,Jhohan,Diseñador,45,0.1,16162228
414,Jhohan,Gerente,46,0.1,16640246
415,Jose,Gerente,43,0.1,6689810
416,Manuela,Desarrollador,56,0.0,1336217
417,Jose,Analista,22,0.1,18379277
418,Andrés,Analista,46,0.1,16158646
419,Jose,Diseñador,54,0.0,2037993
420,Manuela,Gerente,51,0.1,14268775
421,Andrés,Analista,58,0.0,2106775
422,Andrés,Gerente,48,0.1,8508018
423,Jose,Diseñador,48,0.0,3013675
424,Manuela,Gerente,41,0.1,18051282
425,Jhohan,Analista,60,0.0,4925385
426,Manuela,Desarrollador,35,0.1,15215385
427,Jhohan,Diseñador,52,0.1,9452797
428,Manuela,Gerente,40,0.1,15162756
429,Manuela,Gerente,46,0.1,9124745
430,Jose,Diseñador,57,0.0,3189238
431,Manuela,Desarrollador,54,0.1,7520415
432,Andrés,Diseñador,35,0.1,13252766
433,Andrés,Desarrollador,24,0.1,16919423
434,Jhohan,Desarrollador,43,0.0,5484561
435,Manuela,Gerente,31,0.0,3710293
436,Jose,Gerente,42,0.1,17048798
437,Manuela,Gerente,49,0.1,13923406
438,Jhohan,Gerente,23,0.0,5581336
439,Andrés,Diseñador,42,0.1,16365575
440,Jhohan,Analista,25,0.1,9017652
441,Manuela,Diseñador,60,0.1,8276763
442,Andrés,Analista,46,0.1,12319377
443,Manuela,Diseñador,36,0.1,12293649
444,Manuela,Diseñador,28,0.1,10774695
445,Jhohan,Gerente,35,0.1,7131952
446,Jose,Analista,23,0.0,3626831
447,Andrés,Analista,53,0.1,9429403
448,Jhohan,Gerente,27,0.1,9230726
449,Jose,Desarrollador,35,0.1,7311993
450,Andrés,Gerente,28,0.1,19005045
451,Andrés,Analista,36,0.1,10022585
452,Jose,Desarrollador,48,0.1,18868414
453,Jose,Desarrollador,53,0.1,13872552
454,Manuela,Gerente,54,0.1,11842205
455,Manuela,Gerente,29,0.1,14094839
456,Manuela,Desarrollador,33,0.1,15839837
457,Manuela,Analista,28,0.1,11677985
458,Andrés,Diseñador,53,0.1,15597644
459,Andrés,Gerente,47,0.1,13509554
460,Jhohan,Desarrollador,50,0.0,2447126
461,Jhohan,Analista,38,0.1,19530856
462,Jhohan,Diseñador,41,0.0,2529178
463,Jhohan,Desarrollador,54,0.1,11578918
464,Manuela,Desarrollador,46,0.1,19686823
465,Andrés,Analista,22,0.1,17812874
466,Jose,Gerente,53,0.0,3212350
467,Manuela,Analista,51,0.1,18769636
468,Jose,Desarrollador,59,0.1,13318899
469,Manuela,Analista,49,0.0,3259467
470,Andrés,Gerente,56,0.0,5964993
471,Jose,Gerente,40,0.1,18766374
472,Andrés,Diseñador,36,0.1,6632389
473,Andrés,Desarrollador,58,0.1,10415730
474,Jhohan,Gerente,43,0.0,1463865
475,Jose,Gerente,46,0.0,4300710
476,Jose,Diseñador,26,0.1,14713831
477,Jose,Desarrollador,44,0.1,13031570
478,Manuela,Analista,59,0.1,6367876
479,Manuela,Diseñador,34,0.0,3070796
480,Manuela,Desarrollador,29,0.1,11759982
481,Manuela,Diseñador,60,0.1,14282129
482,Manuela,Analista,32,0.0,3144532
483,Jhohan,Analista,25,0.1,9896413
484,Jhohan,Gerente,30,0.1,17625401
485,Jhohan,Desarrollador,41,0.1,15935468
486,Jhohan,Desarrollador,60,0.1,18604863
487,Jose,Desarrollador,57,0.1,18863822
488,Jose,Gerente,39,0.1,9643745
489,Andrés,Desarrollador,40,0.1,14282500
490,Manuela,Desarrollador,27,0.0,2011974
491,Andrés,Diseñador,29,0.1,14492080
492,Andrés,Gerente,25,0.1,8982852
493,Jose,Gerente,45,0.0,1317869
494,Jose,Diseñador,23,0.1,17299462
495,Manuela,Desarrollador,24,0.1,14983791
496,Andrés,Gerente,25,0.1,8333900
497,Manuela,Analista,60,0.0,4255785
498,Andrés,Diseñador,31,0.1,18798117
499,Andrés,Desarrollador,56,0.0,1471580
500,Manuela,Desarrollador,29,0.0,4678278
501,Jhohan,Desarrollador,51,0.1,16810086
502,Andrés,Desarrollador,42,0.1,15124595
503,Jose,Desarrollador,46,0.1,10683006
504,Andrés,Analista,46,0.0,3934020
505,Jose,Desarrollador,41,0.1,7796099
506,Manuela,Analista,22,0.1,8859270
507,Andrés,Desarrollador,53,0.1,17025962
508,Jhohan,Gerente,49,0.1,6822762
509,Manuela,Desarrollador,53,0.0,3828502
510,Jose,Diseñador,43,0.1,19735202
511,Manuela,Analista,28,0.1,18832546
512,Manuela,Gerente,49,0.1,10757875
513,Andrés,Desarrollador,30,0.1,10167407
514,Jose,Gerente,22,0.1,18823675
515,Andrés,Desarrollador,32,0.1,7125536
516,Jhohan,Analista,37,0.0,3266598
517,Jose,Diseñador,26,0.1,8162920
518,Manuela,Analista,57,0.0,1798591
519,Jose,Analista,51,0.1,19838775
520,Manuela,Diseñador,39,0.1,9729546
521,Manuela,Desarrollador,32,0.1,15222418
522,Andrés,Diseñador,52,0.0,2272169
523,Manuela,Analista,24,0.0,2053624
524,Jose,Desarrollador,29,0.0,3083020
525,Jose,Gerente,47,0.1,9531653
526,Jose,Analista,32,0.1,14445044
527,Jhohan,Gerente,38,0.1,18853587
528,Andrés,Diseñador,57,0.0,5070606
529,Andrés,Analista,34,0.1,17399240
530,Jhohan,Gerente,29,0.0,3905491
531,Andrés,Diseñador,26,0.1,9406667
532,Jhohan,Desarrollador,30,0.1,16473789
533,Manuela,Analista,29,0.1,14857857
534,Manuela,Gerente,41,0.0,4532960
535,Jose,Analista,23,0.1,7103972
536,Manuela,Analista,42,0.1,8211690
537,Andrés,Analista,53,0.1,13172552
538,Andrés,Gerente,46,0.1,16453192
539,Manuela,Analista,30,0.1,18504224
540,Jose,Diseñador,54,0.1,14817115
541,Jose,Diseñador,54,0.1,17062620
542,Jose,Gerente,56,0.0,1531142
543,Jose,Diseñador,36,0.1,9186859
544,Jhohan,Desarrollador,35,0.1,12721762
545,Manuela,Analista,27,0.1,16696837
546,Jose,Desarrollador,46,0.1,7496097
547,Andrés,Gerente,41,0.0,5294003
548,Jose,Analista,23,0.0,2355588
549,Manuela,Diseñador,30,0.1,14127137
550,Jhohan,Analista,39,0.1,6038709
551,Jhohan,Gerente,51,0.1,18435823
552,Andrés,Diseñador,41,0.1,19600822
553,Jhohan,Gerente,56,0.1,17468310
554,Manuela,Diseñador,41,0.1,14377446
555,Manuela,Analista,47,0.0,3687919
556,Jhohan,Gerente,51,0.1,14614958
557,Jose,Diseñador,43,0.0,5421187
558,Manuela,Gerente,42,0.0,4924553
559,Jose,Diseñador,55,0.0,5268064
560,Jose,Desarrollador,27,0.0,1777076
561,Manuela,Gerente,55,0.1,8051387
562,Jhohan,Gerente,26,0.0,2755224
563,Andrés,Analista,29,0.1,9444833
564,Andrés,Desarrollador,26,0.1,11044084
565,Andrés,Desarrollador,56,0.1,18044934
566,Manuela,Diseñador,37,0.0,5394252
567,Andrés,Analista,58,0.0,2698138
568,Jhohan,Desarrollador,58,0.1,18775680
569,Jose,Diseñador,60,0.0,5432076
570,Manuela,Gerente,28,0.0,3896372
571,Jhohan,Desarrollador,35,0.0,3813111
572,Andrés,Analista,46,0.1,11586251
573,Jose,Gerente,32,0.1,9416410
574,Jose,Desarrollador,42,0.1,18503594
575,Manuela,Gerente,45,0.0,1812794
576,Manuela,Analista,37,0.1,13827267
577,Andrés,Diseñador,28,0.1,13111531
578,Andrés,Analista,53,0.1,7327167
579,Jhohan,Diseñador,29,0.0,5118075
580,Jhohan,Analista,22,0.1,16887317
581,Jhohan,Analista,30,0.0,5045089
582,Jose,Analista,52,0.1,15543740
583,Jhohan,Analista,24,0.1,7355135
584,Jhohan,Analista,44,0.1,12444836
585,Andrés,Diseñador,55,0.1,9193007
586,Jose,Gerente,49,0.1,10655667
587,Jose,Diseñador,46,0.1,7815613
588,Jose,Analista,49,0.0,3878348
589,Manuela,Diseñador,35,0.0,2551849
590,Jose,Desarrollador,38,0.1,12091264
591,Jose,Analista,46,0.0,3844458
592,Manuela,Diseñador,54,0.1,13893621
593,Manuela,Analista,38,0.0,5657619
594,Andrés,Desarrollador,38,0.1,7979415
595,Andrés,Analista,58,0.1,8326205
596,Jhohan,Analista,22,0.1,15201607
597,Jhohan,Diseñador,38,0.1,14004205
598,Andrés,Gerente,60,0.1,13386705
599,Jose,Gerente,37,0.1,15946739
600,Manuela,Desarrollador,44,0.0,1208041
601,Jose,Gerente,26,0.1,13387901
602,Manuela,Analista,53,0.1,7805251
603,Jhohan,Desarrollador,59,0.1,18635542
604,Jose,Diseñador,49,0.0,1381779
605,Jhohan,Desarrollador,49,0.0,2200357
606,Manuela,Diseñador,30,0.0,4933776
607,Andrés,Analista,37,0.1,14084217
608,Manuela,Desarrollador,44,0.0,4839099
609,Manuela,Diseñador,24,0.1,11537417
610,Jhohan,Gerente,39,0.1,10876126
611,Andrés,Analista,49,0.1,8848574
612,Jose,Diseñador,31,0.1,17839093
613,Jhohan,Analista,60,0.1,16943837
614,Andrés,Analista,23,0.1,13153089
615,Jose,Desarrollador,59,0.1,6667775
616,Andrés,Gerente,49,0.1,15031588
617,Manuela,Analista,28,0.0,3046520
618,Jhohan,Analista,60,0.1,9873961
619,Manuela,Gerente,45,0.0,4761983
620,Manuela,Diseñador,27,0.0,4786806
621,Andrés,Gerente,47,0.0,3851056
622,Jose,Analista,59,0.0,3164536
623,Jose,Analista,55,0.1,17275529
624,Jose,Gerente,44,0.1,11108605
625,Jhohan,Diseñador,54,0.1,11237149
626,Manuela,Desarrollador,49,0.1,7420123
627,Andrés,Gerente,52,0.1,6409714
628,Manuela,Desarrollador,34,0.1,10278888
629,Jhohan,Gerente,56,0.0,2267006
630,Jhohan,Gerente,54,0.1,9595833
631,Manuela,Diseñador,54,0.1,6625101
632,Jhohan,Gerente,35,0.1,12242183
633,Jose,Analista,43,0.1,18655806
634,Jhohan,Analista,55,0.1,13806594
635,Andrés,Desarrollador,48,0.0,2592876
636,Jhohan,Diseñador,49,0.1,9928072
637,Jose,Analista,54,0.0,5497995
638,Jose,Analista,39,0.1,13278028
639,Manuela,Diseñador,31,0.1,17258454
640,Andrés,Analista,56,0.1,11858910
641,Jhohan,Desarrollador,40,0.1,11055019
642,Jose,Desarrollador,39,0.1,13567904
643,Andrés,Gerente,35,0.1,18831478
644,Jose,Analista,52,0.1,8961352
645,Andrés,Desarrollador,27,0.0,1827781
646,Manuela,Desarrollador,47,0.1,6658440
647,Manuela,Analista,41,0.0,1310363
648,Jhohan,Desarrollador,28,0.1,6744092
649,Jose,Gerente,58,0.1,14179012
650,Manuela,Desarrollador,39,0.0,1929421
651,Andrés,Desarrollador,50,0.1,6102559
652,Jose,Diseñador,26,0.0,4177552
653,Jhohan,Analista,40,0.1,7054359
654,Manuela,Desarrollador,28,0.1,7066550
655,Andrés,Gerente,53,0.1,13337765
656,Jhohan,Gerente,56,0.1,18862185
657,Jhohan,Diseñador,49,0.1,6151206
658,Jhohan,Analista,59,0.1,12498937
659,Jose,Gerente,46,0.1,6791056
660,Jhohan,Analista,32,0.1,19328966
661,Manuela,Analista,42,0.0,3038878
662,Andrés,Desarrollador,34,0.1,12639570
663,Jose,Diseñador,49,0.1,9225561
664,Manuela,Diseñador,45,0.1,9574542
665,Jose,Diseñador,39,0.0,4047211
666,Jose,Diseñador,55,0.0,5393245
667,Andrés,Gerente,39,0.1,12318699
668,Andrés,Analista,57,0.0,3938476
669,Andrés,Desarrollador,41,0.0,1437738
670,Andrés,Analista,38,0.0,4622067
671,Jhohan,Analista,30,0.1,15757733
672,Andrés,Analista,37,0.0,5254932
673,Manuela,Gerente,26,0.1,10322983
674,Andrés,Analista,55,0.1,6774542
675,Andrés,Analista,37,0.1,6607267
676,Manuela,Diseñador,43,0.0,1320043
677,Andrés,Gerente,43,0.1,19795030
678,Manuela,Gerente,51,0.1,15415518
679,Jhohan,Gerente,55,0.1,14725355
680,Andrés,Analista,26,0.0,3193245
681,Manuela,Gerente,34,0.1,18261417
682,Jhohan,Analista,29,0.1,14087854
683,Jose,Gerente,56,0.1,8713527
684,Manuela,Desarrollador,51,0.1,14315353
685,Jhohan,Desarrollador,53,0.0,4802725
686,Andrés,Diseñador,49,0.1,15104698
687,Andrés,Analista,52,0.1,13937426
688,Jhohan,Analista,46,0.0,2178953
689,Manuela,Desarrollador,30,0.0,1201521
690,Jose,Desarrollador,55,0.1,12019173
691,Jhohan,Diseñador,39,0.0,2805632
692,Jose,Gerente,29,0.1,10976261
693,Andrés,Desarrollador,45,0.0,2401329
694,Jose,Analista,56,0.0,3147367
695,Jose,Diseñador,41,0.1,9089081
696,Jose,Analista,43,0.1,7992773
697,Manuela,Analista,59,0.1,19387771
698,Jose,Desarrollador,23,0.1,8389766
699,Manuela,Desarrollador,38,0.0,4907164
700,Jhohan,Analista,25,0.1,8530398
701,Andrés,Gerente,50,0.0,5542007
702,Manuela,Diseñador,43,0.1,6053693
703,Jhohan,Diseñador,39,0.1,18867185
704,Andrés,Analista,33,0.1,7787145
705,Jhohan,Desarrollador,39,0.1,10391324
706,Jose,Desarrollador,48,0.1,10984892
707,Andrés,Gerente,52,0.1,8890084
708,Jose,Analista,58,0.0,5796919
709,Jhohan,Desarrollador,31,0.1,6832779
710,Manuela,Analista,60,0.1,15823683
711,Andrés,Desarrollador,45,0.0,5228057
712,Jhohan,Analista,55,0.0,5535579
713,Manuela,Desarrollador,56,0.1,8155330
714,Jose,Desarrollador,29,0.1,15984907
715,Jhohan,Analista,55,0.1,19816320
716,Jose,Analista,53,0.1,13923488
717,Manuela,Diseñador,39,0.1,9168142
718,Jhohan,Gerente,38,0.1,16536806
719,Jhohan,Desarrollador,55,0.1,11094143
720,Jose,Desarrollador,59,0.1,8139403
721,Manuela,Desarrollador,49,0.0,3440629
722,Andrés,Analista,39,0.1,8477128
723,Jhohan,Desarrollador,25,0.0,4719239
724,Jhohan,Desarrollador,60,0.1,8590600
725,Andrés,Gerente,50,0.1,15763022
726,Jhohan,Gerente,49,0.1,10062571
727,Manuela,Desarrollador,47,0.1,10955527
728,Jhohan,Analista,29,0.1,17708462
729,Manuela,Desarrollador,46,0.0,5859412
730,Jose,Gerente,50,0.1,18697412
731,Manuela,Analista,39,0.1,19978088
732,Andrés,Analista,25,0.0,1524134
733,Manuela,Diseñador,52,0.1,6507460
734,Andrés,Diseñador,57,0.1,9794111
735,Andrés,Analista,44,0.1,14599214
736,Manuela,Gerente,38,0.1,11192312
737,Andrés,Diseñador,34,0.1,8451511
738,Jhohan,Desarrollador,50,0.1,10656043
739,Jhohan,Analista,29,0.0,3922715
740,Jose,Gerente,28,0.1,11153192
741,Andrés,Analista,46,0.0,4646527
742,Manuela,Gerente,30,0.1,8960883
743,Jose,Analista,32,0.1,19332979
744,Manuela,Desarrollador,29,0.1,13367091
745,Manuela,Diseñador,58,0.0,2469877
746,Jhohan,Analista,29,0.1,6715427
747,Manuela,Analista,32,0.1,16997632
748,Jhohan,Analista,28,0.1,15696339
749,Jose,Gerente,35,0.1,15544462
750,Andrés,Desarrollador,47,0.1,10648682
751,Jose,Gerente,60,0.0,4367320
752,Manuela,Diseñador,31,0.0,2282911
753,Andrés,Diseñador,25,0.1,11734807
754,Manuela,Diseñador,26,0.0,1625411
755,Andrés,Diseñador,23,0.0,4599860
756,Andrés,Gerente,38,0.1,16691269
757,Andrés,Analista,60,0.1,11257562
758,Andrés,Diseñador,27,0.1,6374200
759,Jhohan,Diseñador,26,0.1,12197066
760,Jose,Diseñador,33,0.1,7386087
761,Manuela,Desarrollador,55,0.1,16678899
762,Manuela,Diseñador,59,0.1,12024770
763,Jhohan,Gerente,27,0.1,19544761
764,Jhohan,Gerente,33,0.1,18810609
765,Jose,Diseñador,33,0.0,4126725
766,Andrés,Desarrollador,34,0.1,15530650
767,Jose,Desarrollador,41,0.1,6321922
768,Manuela,Diseñador,24,0.1,11785421
769,Jose,Analista,54,0.0,1791589
770,Andrés,Gerente,22,0.1,14108381
771,Jose,Gerente,50,0.1,14681634
772,Manuela,Desarrollador,58,0.0,2304476
773,Jose,Gerente,42,0.0,4008394
774,Andrés,Analista,25,0.0,2349375
775,Jhohan,Analista,28,0.0,4988154
776,Manuela,Analista,43,0.0,3298280
777,Andrés,Analista,57,0.0,4644523
778,Andrés,Analista,36,0.1,11020720
779,Jhohan,Gerente,27,0.1,18764928
780,Andrés,Desarrollador,60,0.1,13071437
781,Manuela,Desarrollador,49,0.0,3458007
782,Jhohan,Analista,30,0.1,9687237
783,Manuela,Desarrollador,54,0.0,4570962
784,Jhohan,Analista,26,0.1,13473538
785,Jose,Gerente,25,0.1,16883128
786,Manuela,Gerente,31,0.1,10866387
787,Manuela,Gerente,29,0.0,3532459
788,Andrés,Desarrollador,23,0.1,15466637
789,Jhohan,Diseñador,41,0.0,5756491
790,Jose,Analista,38,0.1,17756184
791,Jhohan,Desarrollador,47,0.1,6576099
792,Jhohan,Analista,56,0.0,2541264
793,Manuela,Gerente,49,0.1,9769666
794,Manuela,Gerente,24,0.1,14789162
795,Jhohan,Desarrollador,31,0.0,5336717
796,Jose,Gerente,29,0.1,7548925
797,Manuela,Diseñador,48,0.1,8033175
798,Jhohan,Desarrollador,56,0.1,16076361
799,Jose,Desarrollador,25,0.1,16023072
800,Andrés,Gerente,43,0.1,14895306
801,Jhohan,Desarrollador,36,0.1,8564784
802,Jose,Gerente,58,0.1,9086548
803,Jose,Gerente,46,0.1,6631753
804,Andrés,Analista,37,0.0,5638796
805,Andrés,Gerente,26,0.1,16026972
806,Jose,Gerente,29,0.0,5246567
807,Manuela,Gerente,55,0.0,3858084
808,Manuela,Diseñador,60,0.1,14385322
809,Jose,Desarrollador,23,0.1,8313399
810,Manuela,Desarrollador,54,0.1,6734259
811,Jhohan,Gerente,40,0.1,17827421
812,Jose,Diseñador,45,0.0,4543228
813,Jhohan,Gerente,28,0.1,9335982
814,Andrés,Desarrollador,59,0.1,14914347
815,Jhohan,Gerente,24,0.0,1295335
816,Jose,Analista,48,0.0,2124766
817,Manuela,Diseñador,56,0.1,12825752
818,Jhohan,Gerente,38,0.0,4973031
819,Jose,Gerente,25,0.1,17970090
820,Jhohan,Gerente,46,0.1,14635438
821,Manuela,Diseñador,58,0.1,8721018
822,Jose,Desarrollador,39,0.1,10810826
823,Jose,Diseñador,47,0.1,18463209
824,Jhohan,Desarrollador,27,0.1,19686775
825,Andrés,Gerente,57,0.1,15196267
826,Jose,Analista,47,0.1,16247294
827,Jose,Gerente,48,0.1,14222032
828,Jose,Diseñador,50,0.1,6522896
829,Jhohan,Analista,59,0.1,18274824
830,Jose,Diseñador,41,0.1,7691315
831,Andrés,Gerente,38,0.1,16649232
832,Jose,Diseñador,36,0.1,13233657
833,Jhohan,Diseñador,25,0.1,16820708
834,Jhohan,Gerente,41,0.0,5121582
835,Jose,Desarrollador,23,0.1,16717995
836,Jhohan,Analista,31,0.1,9023825
837,Jhohan,Analista,57,0.0,2000411
838,Jhohan,Desarrollador,27,0.1,13719961
839,Jhohan,Diseñador,58,0.1,18185445
840,Jhohan,Analista,60,0.1,12366070
841,Jose,Analista,36,0.1,9705863
842,Jose,Desarrollador,45,0.1,12901435
843,Manuela,Analista,39,0.0,2969051
844,Manuela,Desarrollador,40,0.1,13748764
845,Manuela,Gerente,28,0.1,16931664
846,Manuela,Desarrollador,22,0.0,4197393
847,Jose,Diseñador,33,0.0,3304781
848,Andrés,Diseñador,45,0.1,18174609
849,Jose,Gerente,57,0.1,7049082
850,Andrés,Analista,34,0.1,9115210
851,Andrés,Diseñador,25,0.1,17579751
852,Andrés,Analista,57,0.1,7883530
853,Jose,Analista,52,0.1,10328037
854,Manuela,Diseñador,48,0.1,10883628
855,Jhohan,Analista,36,0.0,3372193
856,Manuela,Diseñador,43,0.1,16933767
857,Andrés,Diseñador,40,0.1,14874603
858,Jose,Diseñador,36,0.1,11008362
859,Andrés,Analista,41,0.1,19149799
860,Jhohan,Desarrollador,50,0.0,1413132
861,Andrés,Gerente,39,0.1,7487207
862,Jhohan,Gerente,38,0.0,3712464
863,Manuela,Desarrollador,23,0.0,3919166
864,Manuela,Diseñador,48,0.0,4087666
865,Jose,Analista,43,0.1,9765906
866,Andrés,Analista,49,0.0,3738052
867,Jhohan,Analista,36,0.1,14635484
868,Jhohan,Analista,43,0.1,10817522
869,Jhohan,Analista,22,0.0,4430840
870,Jhohan,Desarrollador,59,0.1,10617828
871,Andrés,Gerente,22,0.1,11959197
872,Jhohan,Desarrollador,41,0.1,14089590
873,Andrés,Analista,58,0.1,16809607
874,Andrés,Diseñador,41,0.1,11126625
875,Manuela,Analista,32,0.1,12763666
876,Jose,Diseñador,52,0.0,5272945
877,Jhohan,Analista,36,0.1,12302131
878,Andrés,Desarrollador,39,0.1,6151480
879,Jose,Desarrollador,51,0.1,6516961
880,Manuela,Analista,26,0.1,10952038
881,Andrés,Gerente,57,0.1,18830118
882,Andrés,Gerente,22,0.1,17372015
883,Andrés,Analista,47,0.1,8263586
884,Andrés,Desarrollador,52,0.1,8673793
885,Manuela,Desarrollador,45,0.0,3837343
886,Jhohan,Diseñador,42,0.1,12623433
887,Jhohan,Diseñador,52,0.1,11681420
888,Jhohan,Desarrollador,56,0.1,8850115
889,Jhohan,Desarrollador,30,0.1,9067926
890,Manuela,Analista,44,0.0,3672753
891,Manuela,Analista,23,0.1,9195813
892,Jose,Analista,48,0.1,11858100
893,Andrés,Gerente,54,0.1,7740507
894,Jose,Gerente,54,0.1,12940891
895,Jhohan,Gerente,46,0.1,6667621
896,Jhohan,Desarrollador,26,0.0,3220406
897,Jhohan,Desarrollador,33,0.1,11934700
898,Jose,Desarrollador,55,0.0,1712655
899,Jhohan,Desarrollador,56,0.1,17655964
900,Jose,Gerente,53,0.0,2591601
901,Andrés,Analista,50,0.1,8605138
902,Jose,Analista,40,0.0,5533852
903,Jhohan,Desarrollador,45,0.0,1794507
904,Andrés,Desarrollador,49,0.0,5159725
905,Andrés,Analista,22,0.1,14940986
906,Andrés,Gerente,49,0.1,7206458
907,Jose,Analista,23,0.1,9513245
908,Manuela,Desarrollador,43,0.1,15625506
909,Jhohan,Gerente,48,0.1,13043972
910,Andrés,Desarrollador,41,0.1,13596235
911,Jhohan,Diseñador,32,0.1,14390300
912,Manuela,Gerente,27,0.1,14485143
913,Jose,Gerente,59,0.1,14551948
914,Jose,Desarrollador,56,0.0,3327479
915,Jose,Desarrollador,52,0.1,13248779
916,Andrés,Desarrollador,42,0.1,16171323
917,Andrés,Analista,25,0.1,10596930
918,Andrés,Desarrollador,27,0.1,14860232
919,Manuela,Gerente,45,0.1,8670269
920,Jose,Diseñador,31,0.1,15295817
921,Andrés,Desarrollador,37,0.1,10375112
922,Jose,Desarrollador,48,0.1,16952118
923,Manuela,Gerente,32,0.1,12806271
924,Manuela,Diseñador,37,0.1,14864456
925,Jose,Gerente,27,0.1,9812125
926,Andrés,Analista,30,0.0,5759621
927,Jhohan,Gerente,34,0.1,10023405
928,Jhohan,Gerente,54,0.0,1492695
929,Andrés,Gerente,24,0.0,1850796
930,Jose,Diseñador,31,0.1,18888530
931,Andrés,Gerente,53,0.0,2843572
932,Jhohan,Analista,41,0.1,17243179
933,Jhohan,Gerente,27,0.1,17290418
934,Manuela,Desarrollador,55,0.1,17875009
935,Jose,Diseñador,38,0.1,8872371
936,Andrés,Desarrollador,34,0.1,14908271
937,Jhohan,Diseñador,50,0.1,8320682
938,Jose,Gerente,43,0.0,3051466
939,Jhohan,Diseñador,41,0.1,7803590
940,Andrés,Diseñador,30,0.1,13932689
941,Jose,Gerente,44,0.1,11505839
942,Jose,Desarrollador,53,0.1,7714211
943,Jose,Desarrollador,53,0.0,5453720
944,Andrés,Diseñador,51,0.1,18143210
945,Andrés,Desarrollador,36,0.1,10785721
946,Jhohan,Diseñador,29,0.0,2181832
947,Manuela,Desarrollador,31,0.1,19007992
948,Jhohan,Diseñador,29,0.1,12720617
949,Jose,Diseñador,22,0.1,17053109
950,Jose,Desarrollador,40,0.1,17662618
951,Manuela,Diseñador,48,0.1,7263709
952,Andrés,Gerente,50,0.1,14744987
953,Manuela,Gerente,53,0.1,14945141
954,Manuela,Analista,58,0.1,10308370
955,Jhohan,Desarrollador,54,0.1,14929357
956,Jose,Analista,41,0.1,16638461
957,Andrés,Gerente,53,0.0,1775038
958,Jhohan,Gerente,60,0.1,16450470
959,Jhohan,Gerente,24,0.1,9432544
960,Manuela,Gerente,56,0.1,8080111
961,Andrés,Analista,37,0.1,7062455
962,Jhohan,Analista,25,0.1,14574378
963,Jose,Gerente,52,0.1,10730751
964,Jose,Analista,40,0.0,1771123
965,Manuela,Analista,51,0.1,12757737
966,Manuela,Desarrollador,58,0.1,11256366
967,Jose,Analista,38,0.0,5094231
968,Manuela,Desarrollador,53,0.1,11116974
969,Jhohan,Diseñador,48,0.1,7038236
970,Andrés,Analista,26,0.1,10617554
971,Jhohan,Desarrollador,36,0.1,12053585
972,Jose,Diseñador,38,0.1,7738444
973,Andrés,Diseñador,30,0.1,12659888
974,Andrés,Diseñador,28,0.0,1178434
975,Andrés,Gerente,32,0.1,9195389
976,Jhohan,Analista,45,0.1,8138036
977,Jose,Analista,25,0.1,11380034
978,Andrés,Diseñador,41,0.1,8135447
979,Andrés,Analista,33,0.1,13018580
980,Manuela,Analista,56,0.1,9351270
981,Manuela,Analista,42,0.1,6299133
982,Jhohan,Diseñador,34,0.1,17537531
983,Jose,Analista,55,0.0,5862909
984,Manuela,Gerente,24,0.1,17430656
985,Andrés,Analista,47,0.0,1620578
986,Jose,Desarrollador,31,0.1,18297575
987,Jose,Analista,50,0.1,13353708
988,Jose,Gerente,39,0.1,11890333
989,Jhohan,Gerente,36,0.1,15825698
990,Andrés,Diseñador,58,0.0,3761921
991,Jose,Gerente,60,0.1,14102892
992,Andrés,Analista,29,0.1,11649232
993,Andrés,Diseñador,33,0.1,19661927
994,Jhohan,Gerente,38,0.0,5851469
995,Andrés,Gerente,34,0.1,12998562
996,Jose,Analista,22,0.1,13386084
997,Jhohan,Gerente,46,0.1,6085555
998,Andrés,Gerente,51,0.1,14232296
999,Jhohan,Desarrollador,23,0.1,12740336
1000,Jhohan,Desarrollador,55,0.1,8907017
1001,Jhohan,Gerente,52,0.1,7293660
1002,Manuela,Desarrollador,39,0.1,11807199
1003,Andrés,Analista,24,0.0,2090571
1004,Jose,Gerente,34,0.1,7281052
1005,Jose,Diseñador,28,0.1,7746750
1006,Andrés,Gerente,31,0.1,14305786
1007,Jhohan,Diseñador,24,0.1,14157537
1008,Manuela,Diseñador,39,0.1,7515133
1009,Andrés,Diseñador,44,0.0,4931607
1010,Manuela,Diseñador,49,0.1,7161885
1011,Andrés,Desarrollador,55,0.1,16150070
1012,Jhohan,Desarrollador,31,0.1,15731542
1013,Jhohan,Diseñador,23,0.1,8815931
1014,Jhohan,Diseñador,27,0.1,16224842
1015,Andrés,Diseñador,41,0.1,14380797
1016,Manuela,Diseñador,33,0.1,19520321
1017,Jhohan,Diseñador,32,0.0,2573910
1018,Manuela,Diseñador,24,0.1,8158850
1019,Jose,Diseñador,37,0.0,1753044
1020,Manuela,Gerente,55,0.1,7279386
1021,Jhohan,Diseñador,37,0.1,11226331
1022,Andrés,Analista,58,0.1,7248686
1023,Manuela,Analista,44,0.0,5107585
1024,Andrés,Analista,33,0.1,16175311
1025,Jose,Analista,49,0.1,15692434
1026,Jhohan,Gerente,25,0.1,8516630
1027,Manuela,Desarrollador,35,0.0,5231164
1028,Andrés,Diseñador,26,0.1,8907726
1029,Andrés,Diseñador,42,0.1,16764817
1030,Andrés,Diseñador,29,0.1,6744458
1031,Manuela,Diseñador,60,0.1,18949311
1032,Jhohan,Gerente,28,0.1,7059699
1033,Jose,Gerente,35,0.1,8258752
1034,Jose,Desarrollador,43,0.1,14216271
1035,Jhohan,Gerente,23,0.1,9701404
1036,Manuela,Desarrollador,51,0.1,8373314
1037,Andrés,Gerente,57,0.1,18186984
1038,Manuela,Gerente,55,0.1,11091682
1039,Jhohan,Analista,34,0.1,10454197
1040,Manuela,Gerente,37,0.1,7922268
1041,Manuela,Diseñador,49,0.1,19240062
1042,Andrés,Analista,48,0.1,16049297
1043,Manuela,Analista,59,0.1,15614776
1044,Jose,Analista,36,0.1,17124493
1045,Manuela,Analista,36,0.1,18900732
1046,Jhohan,Analista,24,0.1,18256656
1047,Manuela,Gerente,48,0.1,11190277
1048,Manuela,Gerente,25,0.1,10821594
1049,Andrés,Diseñador,26,0.1,14139639
1050,Jhohan,Analista,38,0.1,9979979
1051,Andrés,Analista,31,0.1,6515694
1052,Jhohan,Analista,29,0.0,1274601
1053,Manuela,Diseñador,40,0.1,19059878
1054,Andrés,Diseñador,28,0.1,10078467
1055,Jose,Analista,59,0.1,17511786
1056,Andrés,Diseñador,44,0.1,15229834
1057,Manuela,Gerente,58,0.0,1454634
1058,Jhohan,Gerente,42,0.0,4722279
1059,Jose,Diseñador,35,0.1,10358514
1060,Jhohan,Desarrollador,35,0.1,11348979
1061,Jhohan,Analista,54,0.0,5350459
1062,Jose,Gerente,60,0.0,2946470
1063,Jhohan,Diseñador,46,0.1,9127324
1064,Andrés,Desarrollador,38,0.1,7678375
1065,Jhohan,Gerente,50,0.1,10982096
1066,Jose,Diseñador,34,0.1,13270159
1067,Manuela,Gerente,39,0.1,10207736
1068,Jhohan,Diseñador,30,0.1,17664843
1069,Manuela,Diseñador,29,0.1,8614379
1070,Manuela,Analista,58,0.0,3677499
1071,Jose,Analista,51,0.1,17166150
1072,Jose,Desarrollador,33,0.1,18947215
1073,Jose,Analista,44,0.1,13287308
1074,Andrés,Desarrollador,55,0.1,17955974
1075,Manuela,Analista,37,0.1,15123374
1076,Andrés,Desarrollador,44,0.0,1903893
1077,Manuela,Diseñador,58,0.1,18871854
1078,Andrés,Analista,39,0.1,9504505
1079,Manuela,Analista,55,0.1,9998401
1080,Andrés,Gerente,43,0.1,16809396
1081,Jhohan,Diseñador,60,0.0,5884386
1082,Andrés,Gerente,43,0.0,3962427
1083,Andrés,Analista,59,0.1,19358989
1084,Jose,Diseñador,29,0.0,5096532
1085,Manuela,Gerente,54,0.0,4804734
1086,Andrés,Diseñador,57,0.0,4683608
1087,Manuela,Desarrollador,42,0.1,16755999
1088,Manuela,Desarrollador,44,0.1,17356947
1089,Jhohan,Diseñador,53,0.1,14117232
1090,Manuela,Desarrollador,28,0.0,5626681
1091,Jhohan,Gerente,59,0.1,10580511
1092,Jhohan,Gerente,56,0.1,13748846
1093,Jhohan,Diseñador,37,0.1,10372892
1094,Jose,Diseñador,50,0.1,12578908
1095,Manuela,Analista,51,0.1,17416147
1096,Jhohan,Diseñador,23,0.1,9253191
1097,Jose,Diseñador,31,0.1,19287243
1098,Jose,Desarrollador,27,0.1,19742668
1099,Andrés,Diseñador,49,0.1,19928209
1100,Andrés,Gerente,54,0.0,3854618
1101,Andrés,Analista,26,0.1,13318309
1102,Manuela,Gerente,55,0.1,16471008
1103,Manuela,Analista,37,0.1,15487680
1104,Jose,Desarrollador,48,0.0,5873347
1105,Jose,Diseñador,47,0.1,6417331
1106,Jose,Diseñador,39,0.0,2060638
1107,Jhohan,Gerente,56,0.1,14095894
1108,Andrés,Diseñador,44,0.1,18817688
1109,Manuela,Gerente,51,0.0,4163867
1110,Jose,Gerente,30,0.1,9275491
1111,Manuela,Analista,56,0.1,14517044
1112,Andrés,Diseñador,56,0.1,17474212
1113,Andrés,Analista,33,0.1,6760463
1114,Jose,Desarrollador,26,0.0,1531932
1115,Jhohan,Gerente,57,0.1,6354294
1116,Jose,Desarrollador,53,0.1,10435006
1117,Jhohan,Desarrollador,29,0.1,16571034
1118,Andrés,Gerente,58,0.1,7595827
1119,Jose,Desarrollador,47,0.1,19789175
1120,Andrés,Diseñador,49,0.0,5249282
1121,Manuela,Diseñador,46,0.1,13955276
1122,Jhohan,Analista,52,0.1,19674222
1123,Manuela,Gerente,36,0.1,8936370
1124,Andrés,Gerente,39,0.1,13443392
1125,Andrés,Gerente,27,0.1,12408997
1126,Jose,Gerente,51,0.1,7091165
1127,Jhohan,Diseñador,27,0.1,14984456
1128,Manuela,Diseñador,50,0.1,9382597
1129,Jose,Diseñador,60,0.0,5124273
1130,Jose,Desarrollador,60,0.0,4508228
1131,Manuela,Diseñador,33,0.0,5004715
1132,Andrés,Desarrollador,25,0.1,17377882
1133,Andrés,Diseñador,55,0.0,3515054
1134,Jose,Analista,49,0.0,4050269
1135,Jose,Analista,46,0.0,4915422
1136,Jose,Desarrollador,48,0.0,5071889
1137,Jose,Diseñador,55,0.1,13087799
1138,Jhohan,Desarrollador,50,0.1,8265352
1139,Manuela,Desarrollador,47,0.0,4390611
1140,Jose,Desarrollador,56,0.1,8630467
1141,Jose,Diseñador,30,0.1,9028922
1142,Jhohan,Diseñador,38,0.1,6250685
1143,Jhohan,Gerente,55,0.1,7914124
1144,Manuela,Gerente,33,0.0,5662067
1145,Jhohan,Analista,41,0.1,8015161
1146,Andrés,Gerente,60,0.1,19179719
1147,Andrés,Desarrollador,35,0.1,17284092
1148,Andrés,Diseñador,51,0.0,3333816
1149,Manuela,Analista,56,0.0,4850861
1150,Jhohan,Diseñador,33,0.1,18800099
1151,Jose,Desarrollador,34,0.1,6658423
1152,Jose,Desarrollador,22,0.1,6051693
1153,Jhohan,Gerente,53,0.0,2472381
1154,Manuela,Analista,40,0.1,18699155
1155,Jose,Desarrollador,35,0.1,15731695
1156,Manuela,Diseñador,31,0.1,6835455
1157,Jhohan,Analista,46,0.0,5906790
1158,Manuela,Diseñador,29,0.1,11327175
1159,Manuela,Analista,60,0.1,13203670
1160,Manuela,Gerente,22,0.1,10551682
1161,Andrés,Analista,40,0.1,14727291
1162,Andrés,Analista,50,0.1,16665367
1163,Manuela,Desarrollador,55,0.0,3542236
1164,Andrés,Gerente,38,0.0,2431735
1165,Andrés,Analista,42,0.1,12870838
1166,Andrés,Analista,31,0.0,1237664
1167,Andrés,Desarrollador,22,0.1,9619547
1168,Andrés,Desarrollador,43,0.0,3686342
1169,Jhohan,Desarrollador,59,0.0,1738181
1170,Andrés,Diseñador,51,0.1,9056207
1171,Jhohan,Desarrollador,27,0.0,4819494
1172,Jhohan,Diseñador,25,0.1,6069330
1173,Jhohan,Desarrollador,34,0.0,4656302
1174,Jose,Analista,50,0.0,5345840
1175,Jose,Desarrollador,57,0.1,12523340
1176,Andrés,Diseñador,35,0.1,17844576
1177,Jhohan,Gerente,30,0.1,6638262
1178,Jhohan,Gerente,45,0.1,13117406
1179,Andrés,Diseñador,28,0.1,13674905
1180,Manuela,Desarrollador,25,0.1,17886424
1181,Jose,Gerente,30,0.1,11847020
1182,Andrés,Diseñador,45,0.1,13820974
1183,Manuela,Diseñador,48,0.1,14576759
1184,Manuela,Gerente,57,0.1,19247518
1185,Manuela,Gerente,28,0.1,11415877
1186,Jhohan,Gerente,30,0.1,8235902
1187,Andrés,Diseñador,23,0.0,2906184
1188,Manuela,Gerente,27,0.1,17783926
1189,Jhohan,Diseñador,43,0.1,13626883
1190,Andrés,Gerente,32,0.1,13855983
1191,Jose,Desarrollador,34,0.1,14662815
1192,Andrés,Diseñador,33,0.1,16474767
1193,Andrés,Diseñador,47,0.0,3812751
1194,Jhohan,Analista,40,0.1,10513264
1195,Jose,Diseñador,38,0.1,19152440
1196,Manuela,Analista,33,0.1,19783060
1197,Jose,Desarrollador,33,0.0,5160635
1198,Jhohan,Desarrollador,37,0.1,13301552
1199,Manuela,Analista,29,0.1,11140389
1200,Andrés,Analista,27,0.1,13355686
1201,Jhohan,Desarrollador,44,0.1,19160622
1202,Jhohan,Gerente,47,0.0,4174786
1203,Manuela,Diseñador,36,0.0,2395830
1204,Andrés,Diseñador,39,0.1,18467778
1205,Andrés,Diseñador,29,0.1,7450920
1206,Jose,Gerente,31,0.0,1903319
1207,Jose,Diseñador,54,0.1,6310383
1208,Jhohan,Gerente,27,0.1,9914821
1209,Jose,Desarrollador,34,0.1,9697495
1210,Andrés,Desarrollador,53,0.0,4521503
1211,Manuela,Gerente,36,0.1,12140931
1212,Manuela,Analista,41,0.0,3429046
1213,Andrés,Gerente,38,0.1,19930097
1214,Andrés,Gerente,28,0.0,2567366
1215,Andrés,Desarrollador,56,0.1,13301523
1216,Manuela,Desarrollador,54,0.0,4656791
1217,Jhohan,Desarrollador,58,0.1,18982346
1218,Andrés,Diseñador,50,0.1,10602877
1219,Jose,Diseñador,55,0.1,11050756
1220,Andrés,Gerente,56,0.1,10532123
1221,Jose,Analista,58,0.1,15779886
1222,Jhohan,Desarrollador,29,0.1,17184581
1223,Andrés,Analista,44,0.1,15174920
1224,Jhohan,Analista,58,0.1,17886691
1225,Andrés,Analista,33,0.1,9465755
1226,Manuela,Analista,58,0.0,3426860
1227,Andrés,Diseñador,26,0.1,12954743
1228,Jose,Analista,51,0.1,19228719
1229,Andrés,Desarrollador,52,0.0,3318228
1230,Jhohan,Gerente,28,0.1,15568538
1231,Jhohan,Diseñador,43,0.0,2736217
1232,Manuela,Gerente,43,0.0,3237728
1233,Jhohan,Gerente,29,0.1,17048367
1234,Andrés,Analista,51,0.1,15784753
1235,Jose,Gerente,26,0.1,15433526
1236,Manuela,Gerente,26,0.1,9650817
1237,Manuela,Gerente,23,0.0,2278896
1238,Jhohan,Gerente,40,0.1,6793685
1239,Andrés,Analista,45,0.1,10250337
1240,Jose,Desarrollador,38,0.1,6217363
1241,Jhohan,Desarrollador,52,0.0,2546298
1242,Jose,Diseñador,34,0.0,3513013
1243,Jhohan,Diseñador,52,0.0,4443319
1244,Jose,Diseñador,55,0.1,16704175
1245,Manuela,Diseñador,47,0.1,6200090
1246,Jhohan,Gerente,58,0.0,2419612
1247,Jhohan,Analista,28,0.0,4991516
1248,Jose,Gerente,50,0.1,15959808
1249,Andrés,Diseñador,34,0.1,17945027
1250,Andrés,Analista,58,0.0,2398306
1251,Andrés,Gerente,30,0.1,15133812
1252,Manuela,Diseñador,49,0.1,7519168
1253,Jose,Diseñador,59,0.1,16319801
1254,Andrés,Diseñador,36,0.0,5849086
1255,Jose,Diseñador,32,0.1,19530405
1256,Jhohan,Gerente,36,0.1,9407209
1257,Jhohan,Analista,36,0.0,1499601
1258,Jose,Gerente,44,0.0,2750555
1259,Andrés,Desarrollador,36,0.1,19037650
1260,Jhohan,Diseñador,47,0.0,5051058
1261,Jhohan,Diseñador,29,0.0,1588681
1262,Jose,Analista,57,0.0,2088584
1263,Jhohan,Diseñador,45,0.1,14985945
1264,Jose,Analista,41,0.0,4091709
1265,Andrés,Diseñador,34,0.1,18412981
1266,Jose,Desarrollador,32,0.1,13611203
1267,Jhohan,Gerente,49,0.1,7644499
1268,Jhohan,Gerente,29,0.0,3400045
1269,Andrés,Gerente,41,0.0,3663741
1270,Jhohan,Diseñador,43,0.0,4674384
1271,Manuela,Desarrollador,50,0.1,13646384
1272,Andrés,Desarrollador,48,0.0,5717774
1273,Jhohan,Desarrollador,59,0.1,12776371
1274,Jhohan,Gerente,50,0.0,4356248
1275,Jose,Diseñador,29,0.1,11531691
1276,Andrés,Desarrollador,41,0.1,9731684
1277,Andrés,Desarrollador,29,0.1,8107545
1278,Andrés,Gerente,56,0.1,13047179
1279,Jose,Diseñador,46,0.0,3214035
1280,Jhohan,Diseñador,59,0.1,10013421
1281,Jhohan,Desarrollador,27,0.1,19737598
1282,Manuela,Analista,39,0.1,9151596
1283,Jose,Diseñador,59,0.1,9551283
1284,Jhohan,Desarrollador,36,0.1,8961419
1285,Jose,Diseñador,24,0.1,11775672
1286,Andrés,Diseñador,41,0.1,8788892
1287,Jhohan,Diseñador,24,0.0,5969105
1288,Jose,Diseñador,56,0.1,14825783
1289,Andrés,Desarrollador,43,0.0,5909553
1290,Jhohan,Analista,45,0.1,17704990
1291,Jhohan,Analista,56,0.1,13427921
1292,Manuela,Desarrollador,49,0.0,1256833
1293,Jose,Analista,50,0.0,1655608
1294,Andrés,Diseñador,35,0.1,10198411
1295,Jose,Gerente,52,0.1,19970707
1296,Andrés,Diseñador,43,0.1,14223421
1297,Manuela,Gerente,31,0.0,4391226
1298,Manuela,Gerente,29,0.0,2861404
1299,Manuela,Analista,22,0.1,11495278
1300,Jose,Gerente,50,0.1,15461781
1301,Jose,Analista,25,0.1,9286088
1302,Jhohan,Gerente,25,0.1,7090485
1303,Jhohan,Diseñador,25,0.0,5598542
1304,Jose,Desarrollador,33,0.1,10485225
1305,Andrés,Analista,42,0.1,16041793
1306,Jose,Analista,30,0.0,5037300
1307,Jhohan,Analista,60,0.0,3214171
1308,Jose,Diseñador,48,0.0,5742027
1309,Jose,Desarrollador,54,0.1,18539651
1310,Jose,Desarrollador,44,0.1,7923415
1311,Manuela,Desarrollador,40,0.1,10936715
1312,Jhohan,Analista,37,0.1,19709998
1313,Andrés,Desarrollador,23,0.1,7094350
1314,Jhohan,Desarrollador,34,0.1,17495413
1315,Manuela,Analista,47,0.1,17015329
1316,Andrés,Desarrollador,29,0.0,2073677
1317,Jose,Diseñador,32,0.1,11668766
1318,Jhohan,Diseñador,53,0.0,5703593
1319,Jose,Analista,22,0.1,13040321
1320,Jhohan,Analista,53,0.1,6269844
1321,Manuela,Diseñador,33,0.1,8996391
1322,Manuela,Analista,22,0.1,14154079
1323,Jhohan,Diseñador,26,0.1,7808287
1324,Jose,Desarrollador,52,0.1,9508761
1325,Jhohan,Analista,29,0.1,7414067
1326,Jhohan,Desarrollador,29,0.1,13529240
1327,Jhohan,Analista,25,0.1,10318986
1328,Manuela,Gerente,52,0.1,19275432
1329,Jose,Desarrollador,32,0.1,15675279
1330,Jose,Diseñador,34,0.0,2400921
1331,Jhohan,Diseñador,42,0.1,12639301
1332,Jose,Analista,23,0.0,3688348
1333,Jhohan,Diseñador,35,0.1,14959649
1334,Andrés,Gerente,57,0.1,15913680
1335,Manuela,Diseñador,25,0.0,3810548
1336,Jose,Gerente,26,0.0,3792130
1337,Andrés,Gerente,53,0.1,16911833
1338,Andrés,Desarrollador,51,0.0,2572321
1339,Manuela,Gerente,42,0.1,13990350
1340,Manuela,Gerente,60,0.0,4163113
1341,Andrés,Analista,32,0.1,16980913
1342,Manuela,Gerente,25,0.1,10584936
1343,Andrés,Diseñador,27,0.0,4420860
1344,Jose,Diseñador,30,0.1,15492594
1345,Jhohan,Desarrollador,28,0.1,8798133
1346,Andrés,Analista,26,0.1,7150077
1347,Andrés,Desarrollador,37,0.0,1271094
1348,Jose,Desarrollador,22,0.0,5850004
1349,Andrés,Diseñador,59,0.1,11630350
1350,Jose,Diseñador,28,0.1,17341771
1351,Manuela,Diseñador,22,0.1,9699321
1352,Jhohan,Analista,26,0.0,2251793
1353,Manuela,Analista,23,0.0,4607469
1354,Jose,Analista,28,0.1,7841351
1355,Jhohan,Gerente,45,0.1,14473317
1356,Andrés,Diseñador,23,0.0,1312495
1357,Jhohan,Analista,60,0.1,9720080
1358,Jhohan,Diseñador,34,0.1,6102575
1359,Jose,Gerente,36,0.0,4237304
1360,Jhohan,Diseñador,28,0.1,17083829
1361,Andrés,Gerente,41,0.1,8224166
1362,Manuela,Analista,36,0.0,5664826
1363,Jhohan,Analista,54,0.1,12090893
1364,Jose,Analista,39,0.0,4220640
1365,Jhohan,Gerente,45,0.1,7947098
1366,Jose,Desarrollador,52,0.1,12911685
1367,Jhohan,Gerente,25,0.1,13806186
1368,Manuela,Gerente,47,0.1,13997393
1369,Andrés,Gerente,25,0.1,10019562
1370,Andrés,Gerente,27,0.0,4360532
1371,Jhohan,Analista,47,0.1,8992320
1372,Jose,Analista,44,0.1,7464911
1373,Andrés,Gerente,40,0.1,18182400
1374,Manuela,Analista,45,0.1,11509578
1375,Jose,Desarrollador,40,0.1,18480114
1376,Jhohan,Analista,28,0.1,9788035
1377,Jose,Analista,44,0.0,2778487
1378,Jose,Gerente,27,0.1,8175100
1379,Manuela,Analista,43,0.1,11726903
1380,Jose,Gerente,48,0.1,9698554
1381,Jose,Analista,38,0.1,15780597
1382,Jose,Diseñador,38,0.1,13843967
1383,Jose,Analista,39,0.1,9664790
1384,Jose,Gerente,24,0.1,11021158
1385,Andrés,Gerente,37,0.1,12594166
1386,Jose,Diseñador,35,0.1,7044782
1387,Jhohan,Analista,42,0.1,10273558
1388,Jose,Desarrollador,41,0.1,18489366
1389,Andrés,Gerente,41,0.0,1583243
1390,Jhohan,Gerente,25,0.0,2909998
1391,Jhohan,Diseñador,33,0.1,15518075
1392,Andrés,Desarrollador,54,0.1,16553520
1393,Jose,Gerente,22,0.1,6554615
1394,Andrés,Gerente,35,0.1,14255251
1395,Jhohan,Gerente,34,0.0,4740455
1396,Jose,Diseñador,57,0.1,16987173
1397,Andrés,Desarrollador,23,0.0,4947818
1398,Andrés,Analista,41,0.1,17556488
1399,Andrés,Gerente,36,0.1,6168617
1400,Manuela,Analista,38,0.1,16004709
1401,Andrés,Gerente,29,0.1,15112818
1402,Manuela,Gerente,46,0.0,5831884
1403,Manuela,Analista,59,0.1,10192008
1404,Jose,Desarrollador,26,0.1,7754016
1405,Jhohan,Diseñador,35,0.1,15322579
1406,Andrés,Analista,54,0.1,16185842
1407,Jose,Analista,42,0.1,11496912
1408,Manuela,Analista,24,0.1,16901021
1409,Manuela,Analista,49,0.1,18631497
1410,Jhohan,Desarrollador,34,0.0,3937670
1411,Jhohan,Gerente,28,0.0,5336680
1412,Jose,Diseñador,56,0.1,12528680
1413,Manuela,Analista,60,0.0,1214801
1414,Jhohan,Desarrollador,33,0.1,18291593
1415,Manuela,Gerente,23,0.1,17510704
1416,Jhohan,Diseñador,52,0.1,17991356
1417,Andrés,Diseñador,60,0.1,13015988
1418,Jhohan,Desarrollador,39,0.1,9107041
1419,Manuela,Analista,27,0.1,14232161
1420,Jose,Diseñador,39,0.1,15002423
1421,Andrés,Gerente,23,0.1,8969548
1422,Andrés,Desarrollador,52,0.1,8165649
1423,Jhohan,Desarrollador,41,0.0,4845074
1424,Manuela,Analista,40,0.1,10967632
1425,Jhohan,Diseñador,28,0.1,19628765
1426,Andrés,Analista,48,0.1,8416413
1427,Andrés,Diseñador,26,0.0,3001271
1428,Jose,Diseñador,30,0.1,12149759
1429,Jhohan,Diseñador,41,0.1,16615981
1430,Andrés,Diseñador,30,0.1,17449501
1431,Jose,Gerente,56,0.1,7688580
1432,Manuela,Gerente,23,0.1,11891654
1433,Jose,Diseñador,30,0.1,11403556
1434,Andrés,Desarrollador,42,0.1,15906459
1435,Manuela,Desarrollador,52,0.1,9607834
1436,Jhohan,Desarrollador,58,0.1,16413631
1437,Manuela,Analista,24,0.1,7349689
1438,Andrés,Gerente,54,0.0,3320274
1439,Manuela,Gerente,26,0.1,10119641
1440,Jose,Desarrollador,60,0.1,9731199
1441,Manuela,Diseñador,43,0.0,1273972
1442,Jose,Diseñador,52,0.1,15823697
1443,Jose,Analista,58,0.0,3305848
1444,Jose,Desarrollador,36,0.1,12464318
1445,Jhohan,Diseñador,42,0.1,16939929
1446,Jhohan,Desarrollador,55,0.1,17119771
1447,Jose,Gerente,56,0.1,8816489
1448,Andrés,Desarrollador,49,0.1,6030660
1449,Andrés,Desarrollador,31,0.1,14931572
1450,Manuela,Gerente,41,0.0,5315529
1451,Andrés,Gerente,35,0.0,2365829
1452,Andrés,Analista,29,0.1,13606801
1453,Manuela,Analista,32,0.1,15187999
1454,Jhohan,Analista,29,0.0,1386777
1455,Jhohan,Analista,37,0.0,2235820
1456,Andrés,Desarrollador,42,0.1,19231785
1457,Manuela,Diseñador,29,0.0,3538370
1458,Jose,Analista,31,0.1,15609757
1459,Andrés,Diseñador,33,0.0,5537923
1460,Andrés,Desarrollador,40,0.1,19633117
1461,Andrés,Gerente,57,0.1,11971179
1462,Andrés,Analista,34,0.1,6953846
1463,Jose,Gerente,55,0.0,3663536
1464,Andrés,Desarrollador,42,0.0,2634891
1465,Andrés,Diseñador,42,0.1,17128056
1466,Jose,Desarrollador,31,0.1,7293977
1467,Jose,Gerente,34,0.1,11056202
1468,Jose,Diseñador,35,0.0,5707370
1469,Andrés,Diseñador,47,0.0,5813232
1470,Jhohan,Desarrollador,29,0.1,14481955
1471,Manuela,Desarrollador,23,0.1,17635099
1472,Jhohan,Desarrollador,51,0.0,5324551
1473,Andrés,Diseñador,55,0.1,16335209
1474,Andrés,Diseñador,36,0.1,8217010
1475,Jhohan,Gerente,56,0.1,16230531
1476,Jose,Gerente,57,0.1,6266057
1477,Manuela,Analista,30,0.0,5492302
1478,Jose,Diseñador,31,0.1,16656532
1479,Manuela,Gerente,28,0.1,16206210
1480,Jhohan,Analista,46,0.1,15065261
1481,Andrés,Diseñador,60,0.0,2185681
1482,Manuela,Analista,23,0.1,13452470
1483,Jhohan,Desarrollador,30,0.1,12732104
1484,Jhohan,Diseñador,50,0.0,1532228
1485,Manuela,Desarrollador,55,0.1,15221767
1486,Jhohan,Analista,24,0.1,7768289
1487,Andrés,Desarrollador,55,0.1,13679415
1488,Jhohan,Diseñador,39,0.1,7083289
1489,Jose,Desarrollador,24,0.0,5328613
1490,Manuela,Diseñador,34,0.1,11260684
1491,Manuela,Desarrollador,34,0.1,6474758
1492,Jose,Desarrollador,37,0.1,10186634
1493,Manuela,Analista,40,0.1,6571604
1494,Manuela,Desarrollador,29,0.1,6762365
1495,Manuela,Desarrollador,32,0.1,7538324
1496,Jhohan,Analista,25,0.1,18528689
1497,Andrés,Gerente,32,0.0,4812164
1498,Jhohan,Analista,55,0.1,12623358
1499,Manuela,Desarrollador,38,0.1,12215834
1500,Jose,Diseñador,38,0.1,8903378
1501,Jose,Analista,42,0.1,17912964
1502,Andrés,Analista,25,0.1,14141412
1503,Jhohan,Desarrollador,52,0.1,10056897
1504,Jhohan,Desarrollador,51,0.1,18818005
1505,Jose,Gerente,53,0.1,17531660
1506,Manuela,Desarrollador,43,0.1,7383520
1507,Manuela,Analista,38,0.1,10441867
1508,Manuela,Desarrollador,28,0.0,3260108
1509,Jose,Gerente,44,0.1,17516657
1510,Manuela,Desarrollador,46,0.0,4798647
1511,Andrés,Gerente,57,0.1,16442919
1512,Jhohan,Diseñador,39,0.1,12971282
1513,Manuela,Diseñador,52,0.1,6152615
1514,Manuela,Desarrollador,35,0.0,2322360
1515,Andrés,Analista,39,0.1,6363758
1516,Andrés,Diseñador,47,0.1,14315579
1517,Manuela,Desarrollador,50,0.1,12586179
1518,Manuela,Diseñador,35,0.1,13180468
1519,Andrés,Analista,23,0.1,10253210
1520,Jose,Gerente,58,0.1,11299914
1521,Jose,Desarrollador,47,0.0,3491992
1522,Andrés,Diseñador,48,0.1,15747799
1523,Jose,Desarrollador,43,0.1,11611526
1524,Andrés,Diseñador,30,0.1,16050418
1525,Jose,Desarrollador,28,0.1,13533100
1526,Andrés,Desarrollador,29,0.0,5316258
1527,Jhohan,Gerente,32,0.0,1211585
1528,Jhohan,Gerente,46,0.1,16600841
1529,Andrés,Diseñador,26,0.0,2423446
1530,Jose,Analista,45,0.1,12705256
1531,Jose,Diseñador,43,0.1,18458226
1532,Manuela,Analista,58,0.0,4631252
1533,Manuela,Diseñador,42,0.1,12602018
1534,Andrés,Analista,42,0.0,1353816
1535,Manuela,Analista,40,0.1,15908048
1536,Andrés,Analista,56,0.1,15084760
1537,Jhohan,Gerente,58,0.1,12658747
1538,Manuela,Diseñador,55,0.1,6481274
1539,Jhohan,Diseñador,37,0.1,8224020
1540,Andrés,Desarrollador,56,0.1,17925842
1541,Andrés,Analista,54,0.0,5491270
1542,Jhohan,Desarrollador,30,0.1,18419870
1543,Jhohan,Analista,52,0.1,8201956
1544,Jose,Diseñador,46,0.1,12490558
1545,Jose,Desarrollador,51,0.1,19917620
1546,Manuela,Desarrollador,23,0.1,11984969
1547,Jose,Desarrollador,47,0.1,7934366
1548,Manuela,Analista,41,0.0,5908156
1549,Andrés,Gerente,46,0.1,18296598
1550,Jhohan,Gerente,29,0.1,18815272
1551,Andrés,Gerente,45,0.0,3014438
1552,Jose,Analista,58,0.1,18157608
1553,Jose,Gerente,38,0.1,6679878
1554,Manuela,Gerente,46,0.0,4856973
1555,Jose,Desarrollador,31,0.0,3983283
1556,Jhohan,Gerente,46,0.0,1521069
1557,Jhohan,Analista,35,0.1,7966277
1558,Manuela,Analista,44,0.1,15560401
1559,Manuela,Analista,41,0.1,7578595
1560,Andrés,Analista,22,0.1,19667768
1561,Manuela,Diseñador,33,0.1,13343837
1562,Jhohan,Analista,22,0.0,4569538
1563,Manuela,Analista,57,0.0,2617853
1564,Manuela,Gerente,34,0.1,19096152
1565,Jhohan,Gerente,22,0.0,2498552
1566,Jhohan,Analista,33,0.0,5710839
1567,Jhohan,Diseñador,32,0.1,8038668
1568,Andrés,Desarrollador,53,0.1,14331889
1569,Jose,Diseñador,28,0.0,5725749
1570,Manuela,Diseñador,50,0.0,4112512
1571,Jhohan,Analista,29,0.1,13193224
1572,Manuela,Gerente,50,0.1,13397734
1573,Jhohan,Analista,31,0.0,3096082
1574,Jose,Diseñador,23,0.1,9227938
1575,Manuela,Analista,43,0.1,19640026
1576,Andrés,Desarrollador,24,0.1,7791085
1577,Manuela,Diseñador,42,0.1,7298269
1578,Manuela,Analista,51,0.0,4694695
1579,Manuela,Gerente,49,0.1,7722574
1580,Jose,Desarrollador,29,0.0,1462093
1581,Andrés,Analista,36,0.1,7356093
1582,Manuela,Desarrollador,36,0.1,8169916
1583,Jose,Analista,40,0.0,4504752
1584,Jose,Gerente,51,0.0,5887777
1585,Manuela,Desarrollador,35,0.0,3043615
1586,Andrés,Gerente,40,0.1,12549128
1587,Manuela,Diseñador,55,0.1,9725373
1588,Andrés,Desarrollador,58,0.1,11259868
1589,Jhohan,Diseñador,28,0.1,15978391
1590,Andrés,Gerente,28,0.1,6785326
1591,Andrés,Analista,48,0.1,17617471
1592,Manuela,Gerente,33,0.1,13548762
1593,Manuela,Analista,28,0.1,13048307
1594,Andrés,Desarrollador,32,0.0,5141272
1595,Andrés,Desarrollador,28,0.1,17732828
1596,Manuela,Desarrollador,54,0.0,5142295
1597,Jhohan,Analista,38,0.1,8456062
1598,Jhohan,Gerente,54,0.1,16882511
1599,Jose,Desarrollador,45,0.1,13668460
1600,Andrés,Gerente,44,0.1,10230159
1601,Andrés,Analista,39,0.0,3172726
1602,Jhohan,Gerente,23,0.1,9415331
1603,Jose,Analista,41,0.1,11482580
1604,Manuela,Analista,45,0.0,1390034
1605,Jhohan,Diseñador,42,0.0,2972718
1606,Jhohan,Diseñador,36,0.1,17243851
1607,Jhohan,Gerente,43,0.0,4678672
1608,Manuela,Analista,56,0.1,13782479
1609,Andrés,Gerente,55,0.1,16972041
1610,Manuela,Gerente,57,0.1,10832948
1611,Jose,Analista,38,0.1,19507439
1612,Jose,Analista,47,0.1,13850549
1613,Andrés,Desarrollador,53,0.1,12619120
1614,Jhohan,Gerente,53,0.1,12643237
1615,Manuela,Analista,24,0.0,4377460
1616,Jhohan,Analista,23,0.1,14331021
1617,Jose,Gerente,33,0.1,6674718
1618,Manuela,Diseñador,24,0.0,4731755
1619,Andrés,Diseñador,33,0.1,18193185
1620,Manuela,Gerente,38,0.0,1677219
1621,Jhohan,Desarrollador,51,0.1,19276675
1622,Manuela,Analista,33,0.0,4009293
1623,Manuela,Diseñador,33,0.1,12631296
1624,Andrés,Diseñador,34,0.1,9980472
1625,Manuela,Gerente,23,0.1,19349818
1626,Jhohan,Gerente,35,0.1,9339739
1627,Andrés,Gerente,40,0.1,6054707
1628,Andrés,Diseñador,58,0.1,19214300
1629,Jose,Analista,44,0.1,16596781
1630,Jose,Desarrollador,35,0.1,13785058
1631,Jose,Diseñador,41,0.1,17227861
1632,Andrés,Analista,23,0.1,17968957
1633,Andrés,Diseñador,52,0.0,5759621
1634,Jhohan,Gerente,52,0.1,11230833
1635,Manuela,Diseñador,30,0.1,18629959
1636,Manuela,Analista,37,0.0,5337076
1637,Andrés,Analista,33,0.1,16682878
1638,Jose,Gerente,44,0.1,9048143
1639,Manuela,Analista,27,0.1,7207248
1640,Andrés,Diseñador,47,0.1,17698259
1641,Jhohan,Desarrollador,28,0.1,10016489
1642,Jose,Analista,31,0.1,18130596
1643,Jose,Analista,56,0.0,3794585
1644,Andrés,Desarrollador,55,0.1,15546593
1645,Jhohan,Analista,25,0.1,12939337
1646,Andrés,Diseñador,24,0.0,5408436
1647,Manuela,Gerente,44,0.1,6042003
1648,Andrés,Diseñador,30,0.1,17276559
1649,Jhohan,Gerente,56,0.1,8006571
1650,Jhohan,Gerente,37,0.1,18869854
1651,Jhohan,Gerente,36,0.1,14262646
1652,Jhohan,Analista,55,0.0,4311985
1653,Jose,Desarrollador,25,0.1,9798777
1654,Manuela,Diseñador,25,0.1,6213822
1655,Jose,Analista,51,0.1,10081723
1656,Manuela,Gerente,27,0.1,11577677
1657,Jose,Gerente,59,0.1,16119050
1658,Jhohan,Analista,37,0.1,10275346
1659,Jhohan,Analista,37,0.1,12959762
1660,Andrés,Desarrollador,22,0.1,15589977
1661,Jose,Desarrollador,59,0.0,3479700
1662,Jhohan,Diseñador,30,0.1,9148848
1663,Jhohan,Analista,33,0.1,13976276
1664,Andrés,Desarrollador,60,0.1,8116025
1665,Andrés,Gerente,50,0.1,10175029
1666,Jhohan,Gerente,42,0.1,13115237
1667,Jose,Desarrollador,37,0.1,16945817
1668,Andrés,Analista,40,0.1,10570880
1669,Jose,Analista,42,0.1,19371586
1670,Manuela,Desarrollador,37,0.1,17126058
1671,Andrés,Desarrollador,59,0.1,10990977
1672,Jhohan,Diseñador,24,0.0,4258614
1673,Andrés,Gerente,55,0.1,14302400
1674,Jose,Gerente,27,0.1,14943583
1675,Jhohan,Desarrollador,34,0.0,4618809
1676,Jose,Desarrollador,44,0.1,11604031
1677,Manuela,Analista,29,0.1,18509457
1678,Andrés,Diseñador,27,0.1,19946958
1679,Jose,Desarrollador,32,0.1,15620933
1680,Jose,Diseñador,51,0.1,12263821
1681,Manuela,Desarrollador,33,0.1,10375780
1682,Manuela,Diseñador,50,0.1,7118107
1683,Jose,Diseñador,47,0.1,6953613
1684,Jhohan,Desarrollador,28,0.1,10376456
1685,Jhohan,Gerente,28,0.1,10935907
1686,Andrés,Desarrollador,35,0.0,4859869
1687,Manuela,Analista,26,0.1,13387236
1688,Andrés,Desarrollador,36,0.1,13168495
1689,Andrés,Desarrollador,41,0.1,7155013
1690,Andrés,Analista,43,0.1,18302299
1691,Jose,Analista,44,0.1,19435238
1692,Manuela,Analista,44,0.1,19513648
1693,Manuela,Desarrollador,26,0.0,5236759
1694,Jose,Desarrollador,39,0.1,13033137
1695,Jose,Desarrollador,29,0.1,16391986
1696,Manuela,Desarrollador,47,0.1,7023163
1697,Jose,Analista,45,0.1,15732415
1698,Jhohan,Diseñador,44,0.1,10344549
1699,Manuela,Analista,28,0.1,7109616
1700,Manuela,Gerente,31,0.1,18268762
1701,Jose,Diseñador,58,0.1,19257220
1702,Jose,Analista,22,0.1,13028607
1703,Jose,Analista,51,0.0,4378744
1704,Andrés,Diseñador,23,0.1,11551739
1705,Manuela,Gerente,48,0.1,18032452
1706,Jhohan,Diseñador,35,0.1,8242757
1707,Andrés,Analista,47,0.1,10461528
1708,Jhohan,Gerente,34,0.1,12838721
1709,Jose,Gerente,45,0.1,11807590
1710,Jhohan,Analista,38,0.1,8010302
1711,Jose,Gerente,32,0.1,19565291
1712,Jose,Analista,24,0.0,2386298
1713,Manuela,Desarrollador,30,0.1,16056301
1714,Jhohan,Desarrollador,58,0.1,8494807
1715,Jhohan,Analista,46,0.0,1432960
1716,Manuela,Gerente,32,0.1,11028094
1717,Jhohan,Desarrollador,49,0.1,19215092
1718,Andrés,Diseñador,54,0.1,6654315
1719,Andrés,Desarrollador,37,0.1,8477134
1720,Jose,Analista,43,0.1,18471164
1721,Manuela,Analista,57,0.1,12214177
1722,Manuela,Gerente,31,0.0,1315680
1723,Jose,Analista,23,0.1,15903565
1724,Jhohan,Desarrollador,30,0.1,6638628
1725,Manuela,Gerente,40,0.1,13733764
1726,Andrés,Diseñador,51,0.1,11015049
1727,Manuela,Desarrollador,55,0.0,4215529
1728,Manuela,Diseñador,40,0.1,19659462
1729,Jose,Gerente,51,0.0,1799088
1730,Jose,Desarrollador,22,0.0,3734083
1731,Jose,Analista,36,0.1,12764463
1732,Jose,Gerente,49,0.0,5233827
1733,Jhohan,Desarrollador,55,0.0,2486340
1734,Jhohan,Analista,43,0.1,9160433
1735,Andrés,Analista,45,0.1,19161182
1736,Jhohan,Gerente,41,0.1,10532391
1737,Manuela,Diseñador,46,0.0,4122633
1738,Andrés,Gerente,52,0.1,19745231
1739,Jhohan,Analista,56,0.1,19601878
1740,Manuela,Diseñador,44,0.1,6370412
1741,Manuela,Gerente,39,0.0,2395107
1742,Manuela,Gerente,42,0.1,14436589
1743,Jose,Desarrollador,35,0.0,5279441
1744,Jose,Desarrollador,41,0.1,7238889
1745,Jhohan,Diseñador,32,0.1,13220174
1746,Andrés,Desarrollador,29,0.1,15410243
1747,Manuela,Desarrollador,50,0.0,4284919
1748,Jhohan,Analista,32,0.1,18836742
1749,Manuela,Desarrollador,50,0.1,8398499
1750,Jhohan,Gerente,34,0.1,12426052
1751,Jhohan,Diseñador,45,0.1,14012190
1752,Jose,Diseñador,57,0.1,7882845
1753,Jhohan,Gerente,56,0.1,17700078
1754,Jose,Analista,28,0.0,1174347
1755,Jose,Desarrollador,28,0.1,6830261
1756,Jhohan,Analista,49,0.1,18030227
1757,Jose,Analista,43,0.1,11551368
1758,Manuela,Desarrollador,49,0.1,10635306
1759,Andrés,Desarrollador,49,0.1,19401687
1760,Manuela,Diseñador,29,0.0,2978463
1761,Jhohan,Analista,29,0.0,2235576
1762,Jhohan,Analista,35,0.0,4021754
1763,Jhohan,Desarrollador,58,0.1,16805127
1764,Manuela,Diseñador,25,0.1,8956588
1765,Jose,Analista,38,0.0,4083179
1766,Jose,Diseñador,36,0.1,14539535
1767,Jose,Gerente,38,0.1,10035242
1768,Jose,Analista,31,0.1,8490961
1769,Jhohan,Gerente,43,0.1,10076340
1770,Jhohan,Desarrollador,38,0.1,17994123
1771,Jose,Diseñador,40,0.0,3517684
1772,Jose,Desarrollador,28,0.0,3806379
1773,Jose,Desarrollador,41,0.1,7564470
1774,Jose,Diseñador,30,0.1,17459565
1775,Jhohan,Diseñador,57,0.1,9235818
1776,Jose,Diseñador,35,0.1,11454878
1777,Manuela,Desarrollador,51,0.1,18811781
1778,Manuela,Analista,52,0.0,4956831
1779,Manuela,Analista,32,0.1,7428016
1780,Andrés,Diseñador,50,0.1,13946147
1781,Manuela,Desarrollador,40,0.1,10305955
1782,Andrés,Diseñador,42,0.0,5767602
1783,Andrés,Diseñador,37,0.1,15898262
1784,Jhohan,Desarrollador,52,0.1,13872213
1785,Manuela,Gerente,24,0.1,17667132
1786,Jose,Desarrollador,54,0.1,12441623
1787,Manuela,Analista,47,0.0,5023719
1788,Jhohan,Diseñador,44,0.1,11904271
1789,Andrés,Analista,25,0.1,19323657
1790,Manuela,Desarrollador,57,0.1,10313226
1791,Manuela,Diseñador,43,0.1,11469006
1792,Andrés,Diseñador,35,0.1,17436092
1793,Jhohan,Diseñador,57,0.1,10169002
1794,Jhohan,Gerente,55,0.1,9549729
1795,Manuela,Desarrollador,22,0.1,8609254
1796,Jose,Analista,57,0.0,2688955
1797,Andrés,Desarrollador,35,0.1,12071907
1798,Jhohan,Diseñador,49,0.1,14345169
1799,Andrés,Diseñador,50,0.1,12383547
1800,Manuela,Diseñador,60,0.1,16152097
1801,Jhohan,Diseñador,60,0.1,11358321
1802,Andrés,Diseñador,30,0.0,3729256
1803,Jhohan,Gerente,47,0.1,10202428
1804,Jhohan,Gerente,25,0.1,10720539
1805,Manuela,Gerente,58,0.0,4035920
1806,Manuela,Gerente,28,0.1,9413195
1807,Andrés,Diseñador,56,0.0,1495087
1808,Manuela,Gerente,26,0.1,18016543
1809,Andrés,Desarrollador,60,0.0,3096532
1810,Manuela,Desarrollador,44,0.0,3873546
1811,Andrés,Analista,46,0.1,12718569
1812,Jhohan,Gerente,46,0.1,10783903
1813,Manuela,Diseñador,36,0.1,6966285
1814,Jose,Gerente,25,0.1,12260043
1815,Jose,Desarrollador,59,0.0,4854483
1816,Jose,Desarrollador,43,0.0,5901552
1817,Andrés,Desarrollador,37,0.0,1614661
1818,Andrés,Analista,33,0.0,2909792
1819,Manuela,Diseñador,44,0.1,11152209
1820,Jhohan,Desarrollador,37,0.1,9102073
1821,Manuela,Diseñador,22,0.1,12691855
1822,Jose,Analista,22,0.0,2485821
1823,Jhohan,Diseñador,36,0.1,9217704
1824,Manuela,Desarrollador,27,0.1,18576153
1825,Manuela,Gerente,47,0.1,18575605
1826,Jhohan,Diseñador,28,0.1,16857677
1827,Jhohan,Gerente,55,0.1,13136199
1828,Manuela,Gerente,32,0.1,15135425
1829,Jose,Diseñador,42,0.1,17859395
1830,Jhohan,Analista,48,0.1,6938779
1831,Manuela,Analista,39,0.1,14030307
1832,Jhohan,Diseñador,36,0.1,15136279
1833,Manuela,Gerente,51,0.1,10269268
1834,Manuela,Gerente,27,0.1,15763178
1835,Andrés,Analista,44,0.1,14407965
1836,Jose,Analista,40,0.1,12268248
1837,Jhohan,Analista,33,0.0,4714368
1838,Jose,Analista,41,0.1,16520379
1839,Andrés,Gerente,43,0.1,17897869
1840,Manuela,Desarrollador,22,0.0,4263492
1841,Manuela,Gerente,37,0.0,1943845
1842,Jose,Desarrollador,40,0.1,7934535
1843,Jose,Analista,29,0.1,17616868
1844,Manuela,Desarrollador,42,0.1,17723559
1845,Jose,Diseñador,40,0.1,15678891
1846,Jhohan,Desarrollador,53,0.1,8853720
1847,Jose,Analista,24,0.1,10073106
1848,Andrés,Analista,57,0.0,4064307
1849,Jose,Gerente,48,0.1,19469761
1850,Jhohan,Gerente,40,0.1,15227477
1851,Manuela,Diseñador,23,0.1,19426805
1852,Andrés,Desarrollador,38,0.0,3294032
1853,Andrés,Diseñador,56,0.1,11046428
1854,Jose,Desarrollador,29,0.1,15812406
1855,Manuela,Desarrollador,56,0.1,15157229
1856,Manuela,Gerente,38,0.1,17115884
1857,Manuela,Desarrollador,52,0.1,12427031
1858,Jose,Analista,32,0.1,17852626
1859,Andrés,Analista,40,0.1,11722717
1860,Jose,Gerente,36,0.1,8621968
1861,Jhohan,Analista,43,0.1,19342172
1862,Andrés,Gerente,30,0.1,15143120
1863,Jose,Diseñador,31,0.1,7163615
1864,Manuela,Diseñador,55,0.0,1835599
1865,Andrés,Diseñador,35,0.0,5065953
1866,Jhohan,Gerente,52,0.1,13791098
1867,Jose,Desarrollador,24,0.1,18072273
1868,Andrés,Analista,37,0.0,3376939
1869,Manuela,Analista,38,0.1,15881237
1870,Jose,Desarrollador,45,0.1,17468541
1871,Manuela,Analista,59,0.1,9070818
1872,Manuela,Diseñador,39,0.0,5172374
1873,Jhohan,Diseñador,46,0.1,15633545
1874,Jhohan,Desarrollador,59,0.1,10808815
1875,Manuela,Gerente,44,0.0,3984647
1876,Jose,Analista,31,0.1,18153608
1877,Jhohan,Analista,56,0.1,12103850
1878,Jose,Analista,60,0.0,4653703
1879,Jose,Diseñador,32,0.0,5667923
1880,Jhohan,Analista,52,0.1,10414349
1881,Jose,Diseñador,50,0.1,10092958
1882,Jhohan,Desarrollador,22,0.1,12925700
1883,Jose,Analista,39,0.1,19358520
1884,Jose,Desarrollador,46,0.0,2964445
1885,Andrés,Gerente,49,0.1,11132570
1886,Jhohan,Desarrollador,42,0.1,9217297
1887,Andrés,Gerente,30,0.1,8816906
1888,Jose,Desarrollador,45,0.1,16051345
1889,Manuela,Gerente,22,0.1,7511567
1890,Jhohan,Gerente,56,0.1,7613714
1891,Andrés,Desarrollador,54,0.0,4815110
1892,Jose,Gerente,35,0.0,1230665
1893,Jhohan,Diseñador,27,0.1,6298547
1894,Manuela,Desarrollador,42,0.1,17819522
1895,Manuela,Gerente,56,0.0,5469312
1896,Andrés,Analista,38,0.1,18774888
1897,Jhohan,Desarrollador,24,0.0,2231528
1898,Jhohan,Analista,25,0.0,3028594
1899,Jose,Desarrollador,32,0.0,2655996
1900,Manuela,Desarrollador,22,0.0,2021576
1901,Andrés,Analista,39,0.1,18792580
1902,Jhohan,Diseñador,37,0.1,14836349
1903,Jose,Desarrollador,23,0.1,6295697
1904,Jhohan,Diseñador,33,0.0,5686600
1905,Manuela,Desarrollador,42,0.1,16725972
1906,Andrés,Gerente,58,0.1,18853424
1907,Andrés,Diseñador,23,0.1,6270670
1908,Jose,Gerente,42,0.1,17257841
1909,Jose,Gerente,35,0.0,1599043
1910,Andrés,Analista,27,0.0,3590114
1911,Andrés,Analista,34,0.1,10093454
1912,Jose,Analista,32,0.0,3091095
1913,Andrés,Gerente,54,0.1,12164640
1914,Jhohan,Diseñador,31,0.1,17130690
1915,Andrés,Diseñador,54,0.1,18466897
1916,Andrés,Gerente,39,0.0,2361787
1917,Jhohan,Analista,41,0.1,10386639
1918,Manuela,Analista,60,0.1,10079272
1919,Andrés,Gerente,59,0.1,15417443
1920,Jose,Desarrollador,55,0.1,16930934
1921,Jose,Gerente,55,0.0,3972598
1922,Andrés,Diseñador,38,0.0,4417056
1923,Andrés,Desarrollador,35,0.1,10569532
1924,Jhohan,Analista,47,0.0,3442691
1925,Andrés,Desarrollador,46,0.1,19011879
1926,Andrés,Diseñador,60,0.0,3205135
1927,Jhohan,Desarrollador,34,0.1,17362841
1928,Andrés,Diseñador,47,0.1,17096686
1929,Andrés,Analista,58,0.1,9962395
1930,Jose,Gerente,60,0.0,3436515
1931,Andrés,Desarrollador,28,0.1,12783804
1932,Andrés,Gerente,33,0.1,12418174
1933,Andrés,Analista,22,0.1,12402063
1934,Andrés,Analista,57,0.1,19374458
1935,Jose,Desarrollador,30,0.0,3288802
1936,Jhohan,Analista,36,0.1,13298535
1937,Jhohan,Gerente,43,0.1,8711842
1938,Andrés,Analista,52,0.0,2513924
1939,Andrés,Desarrollador,51,0.1,12451929
1940,Manuela,Gerente,33,0.1,16649519
1941,Jose,Analista,54,0.1,13169285
1942,Andrés,Analista,55,0.1,7819420
1943,Andrés,Diseñador,58,0.1,7802224
1944,Jhohan,Analista,60,0.1,8082848
1945,Jose,Analista,55,0.0,5201828
1946,Manuela,Analista,36,0.1,17538336
1947,Andrés,Desarrollador,58,0.1,13440433
1948,Jose,Gerente,53,0.0,4403569
1949,Jhohan,Gerente,54,0.0,4352014
1950,Jose,Analista,40,0.1,6641922
1951,Manuela,Analista,51,0.1,16040826
1952,Jose,Diseñador,59,0.1,16543682
1953,Andrés,Gerente,39,0.1,7395519
1954,Jhohan,Gerente,60,0.1,8603193
1955,Jhohan,Desarrollador,23,0.1,10833851
1956,Andrés,Desarrollador,58,0.1,13948352
1957,Jose,Analista,39,0.1,7313149
1958,Jose,Gerente,37,0.1,17980139
1959,Manuela,Analista,32,0.1,9207132
1960,Jose,Diseñador,43,0.1,17825201
1961,Jose,Analista,58,0.1,14137481
1962,Jhohan,Gerente,25,0.1,19183269
1963,Andrés,Gerente,49,0.0,5612045
1964,Manuela,Desarrollador,46,0.1,9149121
1965,Jose,Diseñador,31,0.1,9756789
1966,Andrés,Analista,51,0.1,17399145
1967,Andrés,Gerente,44,0.1,17631027
1968,Andrés,Diseñador,42,0.1,8444882
1969,Andrés,Analista,50,0.1,18261229
1970,Jhohan,Analista,49,0.0,4647322
1971,Jhohan,Diseñador,39,0.1,6271095
1972,Manuela,Desarrollador,46,0.0,4591174
1973,Andrés,Diseñador,59,0.1,7762988
1974,Andrés,Analista,42,0.1,10779595
1975,Jhohan,Desarrollador,29,0.1,17141761
1976,Manuela,Diseñador,33,0.1,19928025
1977,Manuela,Analista,53,0.1,18769085
1978,Manuela,Desarrollador,35,0.1,13716248
1979,Manuela,Gerente,31,0.0,5011298
1980,Andrés,Diseñador,24,0.1,12268429
1981,Jose,Desarrollador,55,0.1,18858600
1982,Jose,Analista,31,0.1,17916134
1983,Manuela,Desarrollador,45,0.0,1907415
1984,Jhohan,Diseñador,40,0.0,1243087
1985,Jhohan,Analista,24,0.1,19788042
1986,Jhohan,Gerente,46,0.1,18550852
1987,Manuela,Diseñador,28,0.1,12702369
1988,Jose,Analista,54,0.0,4350187
1989,Jose,Desarrollador,57,0.1,6328936
1990,Andrés,Analista,42,0.1,13016168
1991,Manuela,Analista,51,0.1,7883432
1992,Jhohan,Gerente,36,0.1,13654896
1993,Andrés,Diseñador,51,0.1,8550056
1994,Jhohan,Gerente,27,0.1,8389085
1995,Manuela,Diseñador,36,0.0,1370251
1996,Jose,Diseñador,38,0.1,15713488
1997,Manuela,Gerente,26,0.1,18696908
1998,Jhohan,Desarrollador,33,0.0,2694612
1999,Jhohan,Desarrollador,42,0.0,2140757
2000,Jhohan,Desarrollador,60,0.0,4509531
